  8.00000,   4.00000,   8.00000
  8.00000,   4.00000,   8.00000
  6.00000,   6.00000,   7.33333
  6.00000,   6.00000,   7.00000
  2.00000,   10.00000,   6.00000
  6.00000,   6.00000,   6.00000
  5.00000,   7.00000,   5.85714
  3.00000,   9.00000,   5.50000
  4.00000,   8.00000,   5.33333
  2.00000,   10.00000,   5.00000
  5.00000,   7.00000,   5.00000
  8.00000,   4.00000,   5.25000
  2.00000,   10.00000,   5.00000
  6.00000,   6.00000,   5.07143
  3.00000,   9.00000,   4.93333
  6.00000,   6.00000,   5.00000
  4.00000,   8.00000,   4.94118
  4.00000,   8.00000,   4.88889
  8.00000,   4.00000,   5.05263
  5.00000,   7.00000,   5.05000
  8.00000,   4.00000,   5.19048
  8.00000,   4.00000,   5.31818
  6.00000,   6.00000,   5.34783
  8.00000,   4.00000,   5.45833
  5.00000,   7.00000,   5.44000
  6.00000,   6.00000,   5.46154
  8.00000,   4.00000,   5.55556
  6.00000,   6.00000,   5.57143
  6.00000,   6.00000,   5.58621
  4.00000,   8.00000,   5.53333
  6.00000,   6.00000,   5.54839
  3.00000,   9.00000,   5.46875
  6.00000,   6.00000,   5.48485
  4.00000,   8.00000,   5.44118
  6.00000,   6.00000,   5.45714
  4.00000,   8.00000,   5.41667
  12.00000,   0.00000,   5.59459
  7.00000,   5.00000,   5.63158
  6.00000,   6.00000,   5.64103
  6.00000,   6.00000,   5.65000
  6.00000,   6.00000,   5.65854
  4.00000,   8.00000,   5.61905
  8.00000,   4.00000,   5.67442
  4.00000,   8.00000,   5.63636
  6.00000,   6.00000,   5.64444
  8.00000,   4.00000,   5.69565
  6.00000,   6.00000,   5.70213
  6.00000,   6.00000,   5.70833
  6.00000,   6.00000,   5.71429
  4.00000,   8.00000,   5.68000
  8.00000,   4.00000,   5.72549
  4.00000,   8.00000,   5.69231
  3.00000,   9.00000,   5.64151
  4.00000,   8.00000,   5.61111
  8.00000,   4.00000,   5.65455
  4.00000,   8.00000,   5.62500
  1.00000,   11.00000,   5.54386
  5.00000,   7.00000,   5.53448
  4.00000,   8.00000,   5.50847
  6.00000,   6.00000,   5.51667
  6.00000,   6.00000,   5.52459
  8.00000,   4.00000,   5.56452
  6.00000,   6.00000,   5.57143
  8.00000,   4.00000,   5.60938
  8.00000,   4.00000,   5.64615
  6.00000,   6.00000,   5.65152
  4.00000,   8.00000,   5.62687
  7.00000,   5.00000,   5.64706
  4.00000,   8.00000,   5.62319
  4.00000,   8.00000,   5.60000
  4.00000,   8.00000,   5.57746
  6.00000,   6.00000,   5.58333
  4.00000,   8.00000,   5.56164
  8.00000,   4.00000,   5.59459
  6.00000,   6.00000,   5.60000
  5.00000,   7.00000,   5.59211
  4.00000,   8.00000,   5.57143
  4.00000,   8.00000,   5.55128
  10.00000,   2.00000,   5.60759
  8.00000,   4.00000,   5.63750
  2.00000,   10.00000,   5.59259
  6.00000,   6.00000,   5.59756
  5.00000,   7.00000,   5.59036
  4.00000,   8.00000,   5.57143
  6.00000,   6.00000,   5.57647
  6.00000,   6.00000,   5.58140
  5.00000,   7.00000,   5.57471
  6.00000,   6.00000,   5.57955
  6.00000,   6.00000,   5.58427
  6.00000,   6.00000,   5.58889
  4.00000,   8.00000,   5.57143
  4.00000,   8.00000,   5.55435
  7.00000,   5.00000,   5.56989
  2.00000,   10.00000,   5.53191
  8.00000,   4.00000,   5.55789
  4.00000,   8.00000,   5.54167
  5.00000,   7.00000,   5.53608
  4.00000,   8.00000,   5.52041
  8.00000,   4.00000,   5.54545
  6.00000,   6.00000,   5.55000
  4.00000,   8.00000,   5.53465
  4.00000,   8.00000,   5.51961
  4.00000,   8.00000,   5.50485
  4.00000,   8.00000,   5.49038
  10.00000,   2.00000,   5.53333
  6.00000,   6.00000,   5.53774
  6.00000,   6.00000,   5.54206
  8.00000,   4.00000,   5.56481
  8.00000,   4.00000,   5.58716
  8.00000,   4.00000,   5.60909
  10.00000,   2.00000,   5.64865
  10.00000,   2.00000,   5.68750
  4.00000,   8.00000,   5.67257
  8.00000,   4.00000,   5.69298
  2.00000,   10.00000,   5.66087
  8.00000,   4.00000,   5.68103
  4.00000,   8.00000,   5.66667
  4.00000,   8.00000,   5.65254
  8.00000,   4.00000,   5.67227
  8.00000,   4.00000,   5.69167
  6.00000,   6.00000,   5.69421
  6.00000,   6.00000,   5.69672
  6.00000,   6.00000,   5.69919
  5.00000,   7.00000,   5.69355
  6.00000,   6.00000,   5.69600
  6.00000,   6.00000,   5.69841
  6.00000,   6.00000,   5.70079
  4.00000,   8.00000,   5.68750
  4.00000,   8.00000,   5.67442
  5.00000,   7.00000,   5.66923
  10.00000,   2.00000,   5.70229
  6.00000,   6.00000,   5.70455
  6.00000,   6.00000,   5.70677
  3.00000,   9.00000,   5.68657
  8.00000,   4.00000,   5.70370
  2.00000,   10.00000,   5.67647
  6.00000,   6.00000,   5.67883
  4.00000,   8.00000,   5.66667
  6.00000,   6.00000,   5.66906
  4.00000,   8.00000,   5.65714
  8.00000,   4.00000,   5.67376
  6.00000,   6.00000,   5.67606
  12.00000,   0.00000,   5.72028
  6.00000,   6.00000,   5.72222
  8.00000,   4.00000,   5.73793
  6.00000,   6.00000,   5.73973
  8.00000,   4.00000,   5.75510
  8.00000,   4.00000,   5.77027
  5.00000,   7.00000,   5.76510
  2.00000,   10.00000,   5.74000
  5.00000,   7.00000,   5.73510
  8.00000,   4.00000,   5.75000
  6.00000,   6.00000,   5.75163
  8.00000,   4.00000,   5.76623
  6.00000,   6.00000,   5.76774
  4.00000,   8.00000,   5.75641
  6.00000,   6.00000,   5.75796
  8.00000,   4.00000,   5.77215
  4.00000,   8.00000,   5.76101
  4.00000,   8.00000,   5.75000
  6.00000,   6.00000,   5.75155
  3.00000,   9.00000,   5.73457
  4.00000,   8.00000,   5.72393
  8.00000,   4.00000,   5.73780
  4.00000,   8.00000,   5.72727
  6.00000,   6.00000,   5.72892
  4.00000,   8.00000,   5.71856
  6.00000,   6.00000,   5.72024
  4.00000,   8.00000,   5.71006
  7.00000,   5.00000,   5.71765
  6.00000,   6.00000,   5.71930
  8.00000,   4.00000,   5.73256
  8.00000,   4.00000,   5.74566
  6.00000,   6.00000,   5.74713
  4.00000,   8.00000,   5.73714
  8.00000,   4.00000,   5.75000
  4.00000,   8.00000,   5.74011
  3.00000,   9.00000,   5.72472
  6.00000,   6.00000,   5.72626
  5.00000,   7.00000,   5.72222
  4.00000,   8.00000,   5.71271
  4.00000,   8.00000,   5.70330
  4.00000,   8.00000,   5.69399
  3.00000,   9.00000,   5.67935
  6.00000,   6.00000,   5.68108
  4.00000,   8.00000,   5.67204
  6.00000,   6.00000,   5.67380
  4.00000,   8.00000,   5.66489
  8.00000,   4.00000,   5.67725
  6.00000,   6.00000,   5.67895
  8.00000,   4.00000,   5.69110
  4.00000,   8.00000,   5.68229
  4.00000,   8.00000,   5.67358
  2.00000,   10.00000,   5.65464
  6.00000,   6.00000,   5.65641
  8.00000,   4.00000,   5.66837
  1.00000,   11.00000,   5.64467
  6.00000,   6.00000,   5.64646
  8.00000,   4.00000,   5.65829
  6.00000,   6.00000,   5.66000
  6.00000,   6.00000,   5.66169
  4.00000,   8.00000,   5.65347
  8.00000,   4.00000,   5.66502
  4.00000,   8.00000,   5.65686
  6.00000,   6.00000,   5.65854
  5.00000,   7.00000,   5.65534
  8.00000,   4.00000,   5.66667
  4.00000,   8.00000,   5.65865
  6.00000,   6.00000,   5.66029
  6.00000,   6.00000,   5.66190
  4.00000,   8.00000,   5.65403
  6.00000,   6.00000,   5.65566
  6.00000,   6.00000,   5.65728
  6.00000,   6.00000,   5.65888
  9.00000,   3.00000,   5.67442
  6.00000,   6.00000,   5.67593
  8.00000,   4.00000,   5.68664
  4.00000,   8.00000,   5.67890
  7.00000,   5.00000,   5.68493
  6.00000,   6.00000,   5.68636
  3.00000,   9.00000,   5.67421
  6.00000,   6.00000,   5.67568
  4.00000,   8.00000,   5.66816
  4.00000,   8.00000,   5.66071
  6.00000,   6.00000,   5.66222
  6.00000,   6.00000,   5.66372
  8.00000,   4.00000,   5.67401
  10.00000,   2.00000,   5.69298
  5.00000,   7.00000,   5.68996
  8.00000,   4.00000,   5.70000
  4.00000,   8.00000,   5.69264
  3.00000,   9.00000,   5.68103
  8.00000,   4.00000,   5.69099
  8.00000,   4.00000,   5.70085
  10.00000,   2.00000,   5.71915
  4.00000,   8.00000,   5.71186
  6.00000,   6.00000,   5.71308
  7.00000,   5.00000,   5.71849
  3.00000,   9.00000,   5.70711
  6.00000,   6.00000,   5.70833
  4.00000,   8.00000,   5.70124
  8.00000,   4.00000,   5.71074
  4.00000,   8.00000,   5.70370
  4.00000,   8.00000,   5.69672
  5.00000,   7.00000,   5.69388
  6.00000,   6.00000,   5.69512
  6.00000,   6.00000,   5.69636
  4.00000,   8.00000,   5.68952
  6.00000,   6.00000,   5.69076
  4.00000,   8.00000,   5.68400
  10.00000,   2.00000,   5.70120
  7.00000,   5.00000,   5.70635
  2.00000,   10.00000,   5.69170
  4.00000,   8.00000,   5.68504
  8.00000,   4.00000,   5.69412
  6.00000,   6.00000,   5.69531
  4.00000,   8.00000,   5.68872
  5.00000,   7.00000,   5.68605
  8.00000,   4.00000,   5.69498
  4.00000,   8.00000,   5.68846
  4.00000,   8.00000,   5.68199
  6.00000,   6.00000,   5.68321
  6.00000,   6.00000,   5.68441
  6.00000,   6.00000,   5.68561
  8.00000,   4.00000,   5.69434
  6.00000,   6.00000,   5.69549
  6.00000,   6.00000,   5.69663
  4.00000,   8.00000,   5.69030
  6.00000,   6.00000,   5.69145
  8.00000,   4.00000,   5.70000
  4.00000,   8.00000,   5.69373
  6.00000,   6.00000,   5.69485
  5.00000,   7.00000,   5.69231
  4.00000,   8.00000,   5.68613
  6.00000,   6.00000,   5.68727
  8.00000,   4.00000,   5.69565
  8.00000,   4.00000,   5.70397
  8.00000,   4.00000,   5.71223
  6.00000,   6.00000,   5.71326
  3.00000,   9.00000,   5.70357
  8.00000,   4.00000,   5.71174
  4.00000,   8.00000,   5.70567
  6.00000,   6.00000,   5.70671
  6.00000,   6.00000,   5.70775
  10.00000,   2.00000,   5.72281
  5.00000,   7.00000,   5.72028
  10.00000,   2.00000,   5.73519
  5.00000,   7.00000,   5.73264
  6.00000,   6.00000,   5.73356
  2.00000,   10.00000,   5.72069
  6.00000,   6.00000,   5.72165
  6.00000,   6.00000,   5.72260
  7.00000,   5.00000,   5.72696
  5.00000,   7.00000,   5.72449
  3.00000,   9.00000,   5.71525
  8.00000,   4.00000,   5.72297
  5.00000,   7.00000,   5.72054
  6.00000,   6.00000,   5.72148
  4.00000,   8.00000,   5.71572
  4.00000,   8.00000,   5.71000
  6.00000,   6.00000,   5.71096
  6.00000,   6.00000,   5.71192
  10.00000,   2.00000,   5.72607
  6.00000,   6.00000,   5.72697
  2.00000,   10.00000,   5.71475
  4.00000,   8.00000,   5.70915
  8.00000,   4.00000,   5.71661
  8.00000,   4.00000,   5.72403
  6.00000,   6.00000,   5.72492
  3.00000,   9.00000,   5.71613
  5.00000,   7.00000,   5.71383
  6.00000,   6.00000,   5.71474
  2.00000,   10.00000,   5.70288
  4.00000,   8.00000,   5.69745
  4.00000,   8.00000,   5.69206
  8.00000,   4.00000,   5.69937
  8.00000,   4.00000,   5.70662
  4.00000,   8.00000,   5.70126
  2.00000,   10.00000,   5.68966
  6.00000,   6.00000,   5.69062
  6.00000,   6.00000,   5.69159
  10.00000,   2.00000,   5.70497
  6.00000,   6.00000,   5.70588
  6.00000,   6.00000,   5.70679
  4.00000,   8.00000,   5.70154
  6.00000,   6.00000,   5.70245
  4.00000,   8.00000,   5.69725
  8.00000,   4.00000,   5.70427
  7.00000,   5.00000,   5.70821
  4.00000,   8.00000,   5.70303
  5.00000,   7.00000,   5.70091
  8.00000,   4.00000,   5.70783
  2.00000,   10.00000,   5.69670
  7.00000,   5.00000,   5.70060
  4.00000,   8.00000,   5.69552
  6.00000,   6.00000,   5.69643
  8.00000,   4.00000,   5.70326
  8.00000,   4.00000,   5.71006
  4.00000,   8.00000,   5.70501
  6.00000,   6.00000,   5.70588
  6.00000,   6.00000,   5.70674
  6.00000,   6.00000,   5.70760
  7.00000,   5.00000,   5.71137
  10.00000,   2.00000,   5.72384
  4.00000,   8.00000,   5.71884
  6.00000,   6.00000,   5.71965
  4.00000,   8.00000,   5.71470
  4.00000,   8.00000,   5.70977
  6.00000,   6.00000,   5.71060
  8.00000,   4.00000,   5.71714
  3.00000,   9.00000,   5.70940
  6.00000,   6.00000,   5.71023
  6.00000,   6.00000,   5.71105
  3.00000,   9.00000,   5.70339
  4.00000,   8.00000,   5.69859
  6.00000,   6.00000,   5.69944
  6.00000,   6.00000,   5.70028
  6.00000,   6.00000,   5.70112
  4.00000,   8.00000,   5.69638
  6.00000,   6.00000,   5.69722
  8.00000,   4.00000,   5.70360
  6.00000,   6.00000,   5.70442
  3.00000,   9.00000,   5.69697
  5.00000,   7.00000,   5.69505
  4.00000,   8.00000,   5.69041
  6.00000,   6.00000,   5.69126
  4.00000,   8.00000,   5.68665
  6.00000,   6.00000,   5.68750
  4.00000,   8.00000,   5.68293
  7.00000,   5.00000,   5.68649
  10.00000,   2.00000,   5.69811
  8.00000,   4.00000,   5.70430
  4.00000,   8.00000,   5.69973
  3.00000,   9.00000,   5.69251
  6.00000,   6.00000,   5.69333
  6.00000,   6.00000,   5.69415
  6.00000,   6.00000,   5.69496
  5.00000,   7.00000,   5.69312
  6.00000,   6.00000,   5.69393
  6.00000,   6.00000,   5.69474
  5.00000,   7.00000,   5.69291
  6.00000,   6.00000,   5.69372
  5.00000,   7.00000,   5.69191
  6.00000,   6.00000,   5.69271
  6.00000,   6.00000,   5.69351
  8.00000,   4.00000,   5.69948
  4.00000,   8.00000,   5.69509
  6.00000,   6.00000,   5.69588
  6.00000,   6.00000,   5.69666
  6.00000,   6.00000,   5.69744
  4.00000,   8.00000,   5.69309
  4.00000,   8.00000,   5.68878
  7.00000,   5.00000,   5.69211
  8.00000,   4.00000,   5.69797
  6.00000,   6.00000,   5.69873
  8.00000,   4.00000,   5.70455
  4.00000,   8.00000,   5.70025
  8.00000,   4.00000,   5.70603
  6.00000,   6.00000,   5.70677
  6.00000,   6.00000,   5.70750
  8.00000,   4.00000,   5.71322
  3.00000,   9.00000,   5.70647
  6.00000,   6.00000,   5.70720
  4.00000,   8.00000,   5.70297
  7.00000,   5.00000,   5.70617
  6.00000,   6.00000,   5.70690
  4.00000,   8.00000,   5.70270
  4.00000,   8.00000,   5.69853
  3.00000,   9.00000,   5.69193
  4.00000,   8.00000,   5.68780
  1.00000,   11.00000,   5.67640
  10.00000,   2.00000,   5.68689
  5.00000,   7.00000,   5.68523
  8.00000,   4.00000,   5.69082
  8.00000,   4.00000,   5.69639
  6.00000,   6.00000,   5.69712
  6.00000,   6.00000,   5.69784
  6.00000,   6.00000,   5.69856
  8.00000,   4.00000,   5.70406
  6.00000,   6.00000,   5.70476
  5.00000,   7.00000,   5.70309
  2.00000,   10.00000,   5.69431
  4.00000,   8.00000,   5.69031
  8.00000,   4.00000,   5.69575
  4.00000,   8.00000,   5.69176
  6.00000,   6.00000,   5.69249
  4.00000,   8.00000,   5.68852
  10.00000,   2.00000,   5.69860
  6.00000,   6.00000,   5.69930
  8.00000,   4.00000,   5.70465
  8.00000,   4.00000,   5.70998
  8.00000,   4.00000,   5.71528
  4.00000,   8.00000,   5.71132
  5.00000,   7.00000,   5.70968
  4.00000,   8.00000,   5.70575
  4.00000,   8.00000,   5.70183
  8.00000,   4.00000,   5.70709
  2.00000,   10.00000,   5.69863
  10.00000,   2.00000,   5.70843
  8.00000,   4.00000,   5.71364
  6.00000,   6.00000,   5.71429
  6.00000,   6.00000,   5.71493
  6.00000,   6.00000,   5.71558
  5.00000,   7.00000,   5.71396
  6.00000,   6.00000,   5.71461
  4.00000,   8.00000,   5.71076
  6.00000,   6.00000,   5.71141
  6.00000,   6.00000,   5.71205
  2.00000,   10.00000,   5.70379
  8.00000,   4.00000,   5.70889
  4.00000,   8.00000,   5.70510
  4.00000,   8.00000,   5.70133
  4.00000,   8.00000,   5.69757
  7.00000,   5.00000,   5.70044
  4.00000,   8.00000,   5.69670
  4.00000,   8.00000,   5.69298
  3.00000,   9.00000,   5.68709
  8.00000,   4.00000,   5.69214
  4.00000,   8.00000,   5.68845
  7.00000,   5.00000,   5.69130
  6.00000,   6.00000,   5.69197
  6.00000,   6.00000,   5.69264
  5.00000,   7.00000,   5.69114
  4.00000,   8.00000,   5.68750
  6.00000,   6.00000,   5.68817
  4.00000,   8.00000,   5.68455
  2.00000,   10.00000,   5.67666
  6.00000,   6.00000,   5.67735
  2.00000,   10.00000,   5.66951
  4.00000,   8.00000,   5.66596
  10.00000,   2.00000,   5.67516
  4.00000,   8.00000,   5.67161
  4.00000,   8.00000,   5.66808
  4.00000,   8.00000,   5.66456
  4.00000,   8.00000,   5.66105
  6.00000,   6.00000,   5.66176
  6.00000,   6.00000,   5.66247
  6.00000,   6.00000,   5.66318
  6.00000,   6.00000,   5.66388
  2.00000,   10.00000,   5.65625
  8.00000,   4.00000,   5.66112
  4.00000,   8.00000,   5.65768
  8.00000,   4.00000,   5.66253
  8.00000,   4.00000,   5.66736
  4.00000,   8.00000,   5.66392
  8.00000,   4.00000,   5.66872
  6.00000,   6.00000,   5.66940
  6.00000,   6.00000,   5.67008
  6.00000,   6.00000,   5.67076
  4.00000,   8.00000,   5.66735
  6.00000,   6.00000,   5.66802
  6.00000,   6.00000,   5.66870
  2.00000,   10.00000,   5.66126
  6.00000,   6.00000,   5.66194
  4.00000,   8.00000,   5.65859
  6.00000,   6.00000,   5.65927
  5.00000,   7.00000,   5.65795
  6.00000,   6.00000,   5.65863
  3.00000,   9.00000,   5.65331
  6.00000,   6.00000,   5.65400
  8.00000,   4.00000,   5.65868
  4.00000,   8.00000,   5.65538
  2.00000,   10.00000,   5.64811
  6.00000,   6.00000,   5.64881
  6.00000,   6.00000,   5.64950
  6.00000,   6.00000,   5.65020
  4.00000,   8.00000,   5.64694
  6.00000,   6.00000,   5.64764
  6.00000,   6.00000,   5.64833
  6.00000,   6.00000,   5.64902
  6.00000,   6.00000,   5.64971
  3.00000,   9.00000,   5.64453
  6.00000,   6.00000,   5.64522
  8.00000,   4.00000,   5.64981
  6.00000,   6.00000,   5.65049
  4.00000,   8.00000,   5.64729
  6.00000,   6.00000,   5.64797
  6.00000,   6.00000,   5.64865
  4.00000,   8.00000,   5.64547
  6.00000,   6.00000,   5.64615
  2.00000,   10.00000,   5.63916
  6.00000,   6.00000,   5.63985
  4.00000,   8.00000,   5.63671
  6.00000,   6.00000,   5.63740
  6.00000,   6.00000,   5.63810
  4.00000,   8.00000,   5.63498
  6.00000,   6.00000,   5.63567
  6.00000,   6.00000,   5.63636
  6.00000,   6.00000,   5.63705
  8.00000,   4.00000,   5.64151
  4.00000,   8.00000,   5.63842
  6.00000,   6.00000,   5.63910
  6.00000,   6.00000,   5.63977
  6.00000,   6.00000,   5.64045
  2.00000,   10.00000,   5.63364
  4.00000,   8.00000,   5.63060
  4.00000,   8.00000,   5.62756
  6.00000,   6.00000,   5.62825
  6.00000,   6.00000,   5.62894
  5.00000,   7.00000,   5.62778
  6.00000,   6.00000,   5.62847
  6.00000,   6.00000,   5.62915
  4.00000,   8.00000,   5.62615
  4.00000,   8.00000,   5.62316
  6.00000,   6.00000,   5.62385
  6.00000,   6.00000,   5.62454
  6.00000,   6.00000,   5.62523
  4.00000,   8.00000,   5.62226
  4.00000,   8.00000,   5.61931
  6.00000,   6.00000,   5.62000
  4.00000,   8.00000,   5.61706
  6.00000,   6.00000,   5.61775
  8.00000,   4.00000,   5.62206
  5.00000,   7.00000,   5.62094
  6.00000,   6.00000,   5.62162
  7.00000,   5.00000,   5.62410
  4.00000,   8.00000,   5.62118
  5.00000,   7.00000,   5.62007
  6.00000,   6.00000,   5.62075
  3.00000,   9.00000,   5.61607
  5.00000,   7.00000,   5.61497
  6.00000,   6.00000,   5.61566
  4.00000,   8.00000,   5.61279
  4.00000,   8.00000,   5.60993
  6.00000,   6.00000,   5.61062
  6.00000,   6.00000,   5.61131
  4.00000,   8.00000,   5.60847
  6.00000,   6.00000,   5.60915
  6.00000,   6.00000,   5.60984
  6.00000,   6.00000,   5.61053
  6.00000,   6.00000,   5.61121
  4.00000,   8.00000,   5.60839
  4.00000,   8.00000,   5.60558
  6.00000,   6.00000,   5.60627
  4.00000,   8.00000,   5.60348
  5.00000,   7.00000,   5.60243
  6.00000,   6.00000,   5.60312
  6.00000,   6.00000,   5.60381
  6.00000,   6.00000,   5.60449
  4.00000,   8.00000,   5.60172
  8.00000,   4.00000,   5.60585
  6.00000,   6.00000,   5.60653
  4.00000,   8.00000,   5.60377
  5.00000,   7.00000,   5.60274
  4.00000,   8.00000,   5.60000
  6.00000,   6.00000,   5.60068
  4.00000,   8.00000,   5.59796
  8.00000,   4.00000,   5.60204
  6.00000,   6.00000,   5.60272
  8.00000,   4.00000,   5.60678
  8.00000,   4.00000,   5.61083
  6.00000,   6.00000,   5.61149
  6.00000,   6.00000,   5.61214
  6.00000,   6.00000,   5.61279
  6.00000,   6.00000,   5.61345
  6.00000,   6.00000,   5.61409
  8.00000,   4.00000,   5.61809
  6.00000,   6.00000,   5.61873
  10.00000,   2.00000,   5.62604
  4.00000,   8.00000,   5.62333
  6.00000,   6.00000,   5.62396
  3.00000,   9.00000,   5.61960
  6.00000,   6.00000,   5.62023
  8.00000,   4.00000,   5.62417
  6.00000,   6.00000,   5.62479
  8.00000,   4.00000,   5.62871
  8.00000,   4.00000,   5.63262
  8.00000,   4.00000,   5.63651
  6.00000,   6.00000,   5.63711
  8.00000,   4.00000,   5.64098
  6.00000,   6.00000,   5.64157
  4.00000,   8.00000,   5.63889
  8.00000,   4.00000,   5.64274
  6.00000,   6.00000,   5.64332
  5.00000,   7.00000,   5.64228
  5.00000,   7.00000,   5.64123
  6.00000,   6.00000,   5.64182
  4.00000,   8.00000,   5.63916
  4.00000,   8.00000,   5.63651
  8.00000,   4.00000,   5.64032
  4.00000,   8.00000,   5.63768
  10.00000,   2.00000,   5.64469
  6.00000,   6.00000,   5.64526
  3.00000,   9.00000,   5.64103
  1.00000,   11.00000,   5.63360
  6.00000,   6.00000,   5.63419
  8.00000,   4.00000,   5.63796
  6.00000,   6.00000,   5.63854
  3.00000,   9.00000,   5.63434
  6.00000,   6.00000,   5.63492
  6.00000,   6.00000,   5.63550
  6.00000,   6.00000,   5.63608
  4.00000,   8.00000,   5.63349
  3.00000,   9.00000,   5.62934
  4.00000,   8.00000,   5.62677
  6.00000,   6.00000,   5.62736
  8.00000,   4.00000,   5.63108
  4.00000,   8.00000,   5.62853
  4.00000,   8.00000,   5.62598
  4.00000,   8.00000,   5.62344
  8.00000,   4.00000,   5.62715
  2.00000,   10.00000,   5.62150
  4.00000,   8.00000,   5.61897
  6.00000,   6.00000,   5.61957
  8.00000,   4.00000,   5.62326
  3.00000,   9.00000,   5.61920
  4.00000,   8.00000,   5.61669
  3.00000,   9.00000,   5.61265
  4.00000,   8.00000,   5.61017
  4.00000,   8.00000,   5.60769
  8.00000,   4.00000,   5.61137
  6.00000,   6.00000,   5.61196
  5.00000,   7.00000,   5.61103
  3.00000,   9.00000,   5.60703
  4.00000,   8.00000,   5.60458
  3.00000,   9.00000,   5.60061
  6.00000,   6.00000,   5.60122
  4.00000,   8.00000,   5.59878
  6.00000,   6.00000,   5.59939
  8.00000,   4.00000,   5.60303
  5.00000,   7.00000,   5.60212
  6.00000,   6.00000,   5.60272
  4.00000,   8.00000,   5.60030
  3.00000,   9.00000,   5.59639
  6.00000,   6.00000,   5.59699
  8.00000,   4.00000,   5.60060
  6.00000,   6.00000,   5.60120
  4.00000,   8.00000,   5.59880
  6.00000,   6.00000,   5.59940
  6.00000,   6.00000,   5.60000
  5.00000,   7.00000,   5.59911
  5.00000,   7.00000,   5.59821
  6.00000,   6.00000,   5.59881
  5.00000,   7.00000,   5.59792
  2.00000,   10.00000,   5.59259
  5.00000,   7.00000,   5.59172
  4.00000,   8.00000,   5.58936
  6.00000,   6.00000,   5.58997
  4.00000,   8.00000,   5.58763
  6.00000,   6.00000,   5.58824
  6.00000,   6.00000,   5.58884
  8.00000,   4.00000,   5.59238
  8.00000,   4.00000,   5.59590
  6.00000,   6.00000,   5.59649
  4.00000,   8.00000,   5.59416
  6.00000,   6.00000,   5.59475
  5.00000,   7.00000,   5.59389
  6.00000,   6.00000,   5.59448
  6.00000,   6.00000,   5.59507
  6.00000,   6.00000,   5.59565
  4.00000,   8.00000,   5.59334
  4.00000,   8.00000,   5.59104
  6.00000,   6.00000,   5.59163
  8.00000,   4.00000,   5.59510
  6.00000,   6.00000,   5.59568
  6.00000,   6.00000,   5.59626
  4.00000,   8.00000,   5.59397
  3.00000,   9.00000,   5.59026
  8.00000,   4.00000,   5.59371
  4.00000,   8.00000,   5.59143
  6.00000,   6.00000,   5.59201
  4.00000,   8.00000,   5.58974
  6.00000,   6.00000,   5.59033
  4.00000,   8.00000,   5.58807
  6.00000,   6.00000,   5.58865
  6.00000,   6.00000,   5.58924
  4.00000,   8.00000,   5.58699
  4.00000,   8.00000,   5.58475
  6.00000,   6.00000,   5.58533
  6.00000,   6.00000,   5.58592
  6.00000,   6.00000,   5.58650
  6.00000,   6.00000,   5.58708
  6.00000,   6.00000,   5.58766
  10.00000,   2.00000,   5.59384
  5.00000,   7.00000,   5.59301
  7.00000,   5.00000,   5.59497
  4.00000,   8.00000,   5.59275
  6.00000,   6.00000,   5.59331
  6.00000,   6.00000,   5.59388
  6.00000,   6.00000,   5.59444
  4.00000,   8.00000,   5.59223
  6.00000,   6.00000,   5.59280
  6.00000,   6.00000,   5.59336
  6.00000,   6.00000,   5.59392
  8.00000,   4.00000,   5.59724
  6.00000,   6.00000,   5.59780
  8.00000,   4.00000,   5.60110
  3.00000,   9.00000,   5.59753
  5.00000,   7.00000,   5.59671
  6.00000,   6.00000,   5.59726
  6.00000,   6.00000,   5.59781
  3.00000,   9.00000,   5.59426
  6.00000,   6.00000,   5.59482
  4.00000,   8.00000,   5.59264
  6.00000,   6.00000,   5.59320
  6.00000,   6.00000,   5.59375
  4.00000,   8.00000,   5.59159
  6.00000,   6.00000,   5.59214
  8.00000,   4.00000,   5.59540
  8.00000,   4.00000,   5.59865
  8.00000,   4.00000,   5.60189
  2.00000,   10.00000,   5.59704
  4.00000,   8.00000,   5.59489
  8.00000,   4.00000,   5.59812
  4.00000,   8.00000,   5.59597
  4.00000,   8.00000,   5.59383
  6.00000,   6.00000,   5.59438
  8.00000,   4.00000,   5.59759
  8.00000,   4.00000,   5.60080
  4.00000,   8.00000,   5.59867
  4.00000,   8.00000,   5.59654
  6.00000,   6.00000,   5.59707
  8.00000,   4.00000,   5.60027
  5.00000,   7.00000,   5.59947
  5.00000,   7.00000,   5.59868
  10.00000,   2.00000,   5.60450
  6.00000,   6.00000,   5.60502
  6.00000,   6.00000,   5.60554
  6.00000,   6.00000,   5.60606
  6.00000,   6.00000,   5.60658
  6.00000,   6.00000,   5.60710
  5.00000,   7.00000,   5.60630
  4.00000,   8.00000,   5.60419
  4.00000,   8.00000,   5.60209
  4.00000,   8.00000,   5.60000
  7.00000,   5.00000,   5.60183
  6.00000,   6.00000,   5.60235
  2.00000,   10.00000,   5.59766
  6.00000,   6.00000,   5.59818
  6.00000,   6.00000,   5.59870
  3.00000,   9.00000,   5.59533
  8.00000,   4.00000,   5.59845
  4.00000,   8.00000,   5.59638
  4.00000,   8.00000,   5.59432
  2.00000,   10.00000,   5.58968
  4.00000,   8.00000,   5.58763
  6.00000,   6.00000,   5.58816
  6.00000,   6.00000,   5.58869
  6.00000,   6.00000,   5.58922
  6.00000,   6.00000,   5.58974
  6.00000,   6.00000,   5.59027
  6.00000,   6.00000,   5.59079
  4.00000,   8.00000,   5.58876
  6.00000,   6.00000,   5.58929
  6.00000,   6.00000,   5.58981
  6.00000,   6.00000,   5.59033
  6.00000,   6.00000,   5.59085
  6.00000,   6.00000,   5.59137
  6.00000,   6.00000,   5.59189
  5.00000,   7.00000,   5.59114
  4.00000,   8.00000,   5.58913
  6.00000,   6.00000,   5.58965
  6.00000,   6.00000,   5.59016
  4.00000,   8.00000,   5.58816
  3.00000,   9.00000,   5.58491
  5.00000,   7.00000,   5.58417
  6.00000,   6.00000,   5.58469
  4.00000,   8.00000,   5.58271
  10.00000,   2.00000,   5.58824
  3.00000,   9.00000,   5.58500
  4.00000,   8.00000,   5.58302
  6.00000,   6.00000,   5.58354
  4.00000,   8.00000,   5.58157
  3.00000,   9.00000,   5.57836
  4.00000,   8.00000,   5.57640
  4.00000,   8.00000,   5.57444
  8.00000,   4.00000,   5.57745
  4.00000,   8.00000,   5.57550
  4.00000,   8.00000,   5.57355
  6.00000,   6.00000,   5.57407
  4.00000,   8.00000,   5.57213
  2.00000,   10.00000,   5.56773
  8.00000,   4.00000,   5.57073
  4.00000,   8.00000,   5.56880
  8.00000,   4.00000,   5.57178
  10.00000,   2.00000,   5.57721
  3.00000,   9.00000,   5.57405
  8.00000,   4.00000,   5.57702
  4.00000,   8.00000,   5.57509
  2.00000,   10.00000,   5.57073
  6.00000,   6.00000,   5.57125
  4.00000,   8.00000,   5.56934
  4.00000,   8.00000,   5.56744
  8.00000,   4.00000,   5.57039
  4.00000,   8.00000,   5.56848
  2.00000,   10.00000,   5.56416
  6.00000,   6.00000,   5.56469
  10.00000,   2.00000,   5.57005
  4.00000,   8.00000,   5.56815
  8.00000,   4.00000,   5.57108
  6.00000,   6.00000,   5.57160
  8.00000,   4.00000,   5.57452
  8.00000,   4.00000,   5.57743
  10.00000,   2.00000,   5.58273
  6.00000,   6.00000,   5.58323
  4.00000,   8.00000,   5.58134
  5.00000,   7.00000,   5.58065
  6.00000,   6.00000,   5.58115
  4.00000,   8.00000,   5.57926
  6.00000,   6.00000,   5.57976
  3.00000,   9.00000,   5.57669
  3.00000,   9.00000,   5.57363
  6.00000,   6.00000,   5.57414
  8.00000,   4.00000,   5.57701
  4.00000,   8.00000,   5.57515
  6.00000,   6.00000,   5.57565
  8.00000,   4.00000,   5.57851
  5.00000,   7.00000,   5.57783
  6.00000,   6.00000,   5.57833
  8.00000,   4.00000,   5.58118
  4.00000,   8.00000,   5.57932
  6.00000,   6.00000,   5.57981
  4.00000,   8.00000,   5.57796
  6.00000,   6.00000,   5.57845
  5.00000,   7.00000,   5.57778
  6.00000,   6.00000,   5.57827
  2.00000,   10.00000,   5.57410
  6.00000,   6.00000,   5.57459
  4.00000,   8.00000,   5.57276
  2.00000,   10.00000,   5.56860
  4.00000,   8.00000,   5.56678
  2.00000,   10.00000,   5.56265
  6.00000,   6.00000,   5.56315
  8.00000,   4.00000,   5.56597
  4.00000,   8.00000,   5.56416
  8.00000,   4.00000,   5.56697
  3.00000,   9.00000,   5.56401
  6.00000,   6.00000,   5.56452
  8.00000,   4.00000,   5.56732
  4.00000,   8.00000,   5.56552
  7.00000,   5.00000,   5.56716
  6.00000,   6.00000,   5.56766
  4.00000,   8.00000,   5.56586
  6.00000,   6.00000,   5.56636
  6.00000,   6.00000,   5.56686
  6.00000,   6.00000,   5.56735
  8.00000,   4.00000,   5.57013
  4.00000,   8.00000,   5.56834
  8.00000,   4.00000,   5.57110
  6.00000,   6.00000,   5.57159
  6.00000,   6.00000,   5.57208
  6.00000,   6.00000,   5.57256
  4.00000,   8.00000,   5.57078
  6.00000,   6.00000,   5.57127
  6.00000,   6.00000,   5.57175
  2.00000,   10.00000,   5.56772
  6.00000,   6.00000,   5.56821
  4.00000,   8.00000,   5.56644
  4.00000,   8.00000,   5.56468
  4.00000,   8.00000,   5.56292
  6.00000,   6.00000,   5.56341
  6.00000,   6.00000,   5.56390
  6.00000,   6.00000,   5.56439
  9.00000,   3.00000,   5.56823
  6.00000,   6.00000,   5.56872
  6.00000,   6.00000,   5.56920
  2.00000,   10.00000,   5.56522
  4.00000,   8.00000,   5.56347
  4.00000,   8.00000,   5.56174
  8.00000,   4.00000,   5.56444
  8.00000,   4.00000,   5.56715
  8.00000,   4.00000,   5.56984
  6.00000,   6.00000,   5.57032
  4.00000,   8.00000,   5.56858
  6.00000,   6.00000,   5.56906
  6.00000,   6.00000,   5.56954
  6.00000,   6.00000,   5.57001
  4.00000,   8.00000,   5.56828
  6.00000,   6.00000,   5.56876
  4.00000,   8.00000,   5.56703
  4.00000,   8.00000,   5.56531
  6.00000,   6.00000,   5.56579
  4.00000,   8.00000,   5.56407
  6.00000,   6.00000,   5.56455
  6.00000,   6.00000,   5.56503
  6.00000,   6.00000,   5.56550
  4.00000,   8.00000,   5.56379
  6.00000,   6.00000,   5.56427
  6.00000,   6.00000,   5.56474
  8.00000,   4.00000,   5.56739
  6.00000,   6.00000,   5.56786
  5.00000,   7.00000,   5.56725
  5.00000,   7.00000,   5.56663
  3.00000,   9.00000,   5.56385
  1.00000,   11.00000,   5.55892
  4.00000,   8.00000,   5.55724
  8.00000,   4.00000,   5.55987
  4.00000,   8.00000,   5.55819
  5.00000,   7.00000,   5.55759
  7.00000,   5.00000,   5.55914
  4.00000,   8.00000,   5.55747
  10.00000,   2.00000,   5.56223
  4.00000,   8.00000,   5.56056
  6.00000,   6.00000,   5.56103
  4.00000,   8.00000,   5.55936
  8.00000,   4.00000,   5.56197
  8.00000,   4.00000,   5.56457
  4.00000,   8.00000,   5.56290
  8.00000,   4.00000,   5.56550
  4.00000,   8.00000,   5.56383
  8.00000,   4.00000,   5.56642
  6.00000,   6.00000,   5.56688
  2.00000,   10.00000,   5.56310
  6.00000,   6.00000,   5.56356
  4.00000,   8.00000,   5.56190
  8.00000,   4.00000,   5.56448
  4.00000,   8.00000,   5.56283
  6.00000,   6.00000,   5.56329
  8.00000,   4.00000,   5.56586
  4.00000,   8.00000,   5.56421
  8.00000,   4.00000,   5.56677
  4.00000,   8.00000,   5.56513
  6.00000,   6.00000,   5.56558
  4.00000,   8.00000,   5.56394
  8.00000,   4.00000,   5.56649
  4.00000,   8.00000,   5.56485
  4.00000,   8.00000,   5.56322
  6.00000,   6.00000,   5.56367
  6.00000,   6.00000,   5.56413
  6.00000,   6.00000,   5.56458
  4.00000,   8.00000,   5.56296
  6.00000,   6.00000,   5.56341
  4.00000,   8.00000,   5.56179
  4.00000,   8.00000,   5.56017
  4.00000,   8.00000,   5.55855
  2.00000,   10.00000,   5.55487
  6.00000,   6.00000,   5.55533
  3.00000,   9.00000,   5.55269
  6.00000,   6.00000,   5.55315
  6.00000,   6.00000,   5.55361
  6.00000,   6.00000,   5.55407
  6.00000,   6.00000,   5.55453
  4.00000,   8.00000,   5.55293
  6.00000,   6.00000,   5.55339
  4.00000,   8.00000,   5.55179
  6.00000,   6.00000,   5.55225
  8.00000,   4.00000,   5.55476
  3.00000,   9.00000,   5.55215
  8.00000,   4.00000,   5.55465
  8.00000,   4.00000,   5.55714
  4.00000,   8.00000,   5.55556
  5.00000,   7.00000,   5.55499
  6.00000,   6.00000,   5.55544
  8.00000,   4.00000,   5.55793
  9.00000,   3.00000,   5.56142
  6.00000,   6.00000,   5.56187
  4.00000,   8.00000,   5.56028
  8.00000,   4.00000,   5.56275
  8.00000,   4.00000,   5.56522
  4.00000,   8.00000,   5.56364
  6.00000,   6.00000,   5.56408
  6.00000,   6.00000,   5.56452
  4.00000,   8.00000,   5.56294
  8.00000,   4.00000,   5.56539
  7.00000,   5.00000,   5.56683
  8.00000,   4.00000,   5.56928
  8.00000,   4.00000,   5.57172
  3.00000,   9.00000,   5.56914
  6.00000,   6.00000,   5.56957
  4.00000,   8.00000,   5.56800
  6.00000,   6.00000,   5.56843
  6.00000,   6.00000,   5.56886
  5.00000,   7.00000,   5.56830
  8.00000,   4.00000,   5.57072
  6.00000,   6.00000,   5.57114
  4.00000,   8.00000,   5.56958
  4.00000,   8.00000,   5.56802
  7.00000,   5.00000,   5.56944
  4.00000,   8.00000,   5.56789
  4.00000,   8.00000,   5.56634
  6.00000,   6.00000,   5.56677
  6.00000,   6.00000,   5.56719
  6.00000,   6.00000,   5.56762
  4.00000,   8.00000,   5.56607
  7.00000,   5.00000,   5.56749
  6.00000,   6.00000,   5.56791
  8.00000,   4.00000,   5.57030
  4.00000,   8.00000,   5.56876
  6.00000,   6.00000,   5.56919
  6.00000,   6.00000,   5.56961
  4.00000,   8.00000,   5.56807
  4.00000,   8.00000,   5.56654
  6.00000,   6.00000,   5.56696
  8.00000,   4.00000,   5.56934
  6.00000,   6.00000,   5.56976
  6.00000,   6.00000,   5.57018
  8.00000,   4.00000,   5.57254
  6.00000,   6.00000,   5.57296
  8.00000,   4.00000,   5.57532
  4.00000,   8.00000,   5.57379
  4.00000,   8.00000,   5.57226
  4.00000,   8.00000,   5.57074
  6.00000,   6.00000,   5.57115
  6.00000,   6.00000,   5.57157
  6.00000,   6.00000,   5.57198
  8.00000,   4.00000,   5.57432
  6.00000,   6.00000,   5.57473
  2.00000,   10.00000,   5.57129
  6.00000,   6.00000,   5.57170
  4.00000,   8.00000,   5.57019
  7.00000,   5.00000,   5.57157
  6.00000,   6.00000,   5.57198
  6.00000,   6.00000,   5.57239
  4.00000,   8.00000,   5.57088
  8.00000,   4.00000,   5.57321
  6.00000,   6.00000,   5.57361
  6.00000,   6.00000,   5.57402
  4.00000,   8.00000,   5.57252
  6.00000,   6.00000,   5.57293
  6.00000,   6.00000,   5.57333
  6.00000,   6.00000,   5.57374
  4.00000,   8.00000,   5.57224
  4.00000,   8.00000,   5.57075
  4.00000,   8.00000,   5.56926
  5.00000,   7.00000,   5.56872
  8.00000,   4.00000,   5.57102
  6.00000,   6.00000,   5.57143
  4.00000,   8.00000,   5.56994
  6.00000,   6.00000,   5.57035
  3.00000,   9.00000,   5.56792
  8.00000,   4.00000,   5.57022
  4.00000,   8.00000,   5.56874
  4.00000,   8.00000,   5.56726
  6.00000,   6.00000,   5.56767
  4.00000,   8.00000,   5.56620
  6.00000,   6.00000,   5.56660
  6.00000,   6.00000,   5.56701
  4.00000,   8.00000,   5.56554
  4.00000,   8.00000,   5.56408
  10.00000,   2.00000,   5.56822
  7.00000,   5.00000,   5.56956
  10.00000,   2.00000,   5.57369
  6.00000,   6.00000,   5.57409
  8.00000,   4.00000,   5.57635
  4.00000,   8.00000,   5.57488
  4.00000,   8.00000,   5.57342
  3.00000,   9.00000,   5.57103
  6.00000,   6.00000,   5.57143
  6.00000,   6.00000,   5.57183
  4.00000,   8.00000,   5.57037
  3.00000,   9.00000,   5.56799
  6.00000,   6.00000,   5.56839
  8.00000,   4.00000,   5.57064
  6.00000,   6.00000,   5.57103
  6.00000,   6.00000,   5.57143
  6.00000,   6.00000,   5.57182
  3.00000,   9.00000,   5.56946
  8.00000,   4.00000,   5.57169
  6.00000,   6.00000,   5.57208
  6.00000,   6.00000,   5.57248
  3.00000,   9.00000,   5.57012
  6.00000,   6.00000,   5.57051
  6.00000,   6.00000,   5.57091
  8.00000,   4.00000,   5.57313
  6.00000,   6.00000,   5.57352
  4.00000,   8.00000,   5.57208
  4.00000,   8.00000,   5.57065
  6.00000,   6.00000,   5.57104
  4.00000,   8.00000,   5.56961
  6.00000,   6.00000,   5.57000
  4.00000,   8.00000,   5.56857
  6.00000,   6.00000,   5.56897
  8.00000,   4.00000,   5.57117
  10.00000,   2.00000,   5.57518
  8.00000,   4.00000,   5.57738
  6.00000,   6.00000,   5.57776
  6.00000,   6.00000,   5.57814
  6.00000,   6.00000,   5.57852
  6.00000,   6.00000,   5.57890
  8.00000,   4.00000,   5.58108
  8.00000,   4.00000,   5.58326
  10.00000,   2.00000,   5.58723
  4.00000,   8.00000,   5.58580
  8.00000,   4.00000,   5.58797
  4.00000,   8.00000,   5.58655
  6.00000,   6.00000,   5.58692
  6.00000,   6.00000,   5.58729
  6.00000,   6.00000,   5.58766
  8.00000,   4.00000,   5.58981
  4.00000,   8.00000,   5.58839
  4.00000,   8.00000,   5.58698
  6.00000,   6.00000,   5.58734
  6.00000,   6.00000,   5.58771
  6.00000,   6.00000,   5.58808
  7.00000,   5.00000,   5.58933
  6.00000,   6.00000,   5.58970
  4.00000,   8.00000,   5.58829
  6.00000,   6.00000,   5.58865
  1.00000,   11.00000,   5.58459
  8.00000,   4.00000,   5.58673
  8.00000,   4.00000,   5.58886
  1.00000,   11.00000,   5.58481
  6.00000,   6.00000,   5.58517
  4.00000,   8.00000,   5.58377
  3.00000,   9.00000,   5.58150
  6.00000,   6.00000,   5.58187
  4.00000,   8.00000,   5.58047
  6.00000,   6.00000,   5.58084
  4.00000,   8.00000,   5.57946
  5.00000,   7.00000,   5.57895
  2.00000,   10.00000,   5.57581
  3.00000,   9.00000,   5.57356
  7.00000,   5.00000,   5.57480
  4.00000,   8.00000,   5.57343
  4.00000,   8.00000,   5.57205
  6.00000,   6.00000,   5.57243
  6.00000,   6.00000,   5.57280
  8.00000,   4.00000,   5.57491
  6.00000,   6.00000,   5.57528
  8.00000,   4.00000,   5.57739
  3.00000,   9.00000,   5.57515
  7.00000,   5.00000,   5.57639
  4.00000,   8.00000,   5.57502
  8.00000,   4.00000,   5.57712
  6.00000,   6.00000,   5.57749
  8.00000,   4.00000,   5.57958
  6.00000,   6.00000,   5.57995
  7.00000,   5.00000,   5.58117
  4.00000,   8.00000,   5.57981
  9.00000,   3.00000,   5.58276
  6.00000,   6.00000,   5.58312
  4.00000,   8.00000,   5.58176
  2.00000,   10.00000,   5.57868
  4.00000,   8.00000,   5.57732
  6.00000,   6.00000,   5.57768
  8.00000,   4.00000,   5.57976
  4.00000,   8.00000,   5.57841
  3.00000,   9.00000,   5.57620
  4.00000,   8.00000,   5.57485
  4.00000,   8.00000,   5.57350
  8.00000,   4.00000,   5.57558
  6.00000,   6.00000,   5.57594
  5.00000,   7.00000,   5.57545
  6.00000,   6.00000,   5.57581
  5.00000,   7.00000,   5.57532
  4.00000,   8.00000,   5.57398
  6.00000,   6.00000,   5.57434
  6.00000,   6.00000,   5.57470
  4.00000,   8.00000,   5.57337
  8.00000,   4.00000,   5.57542
  4.00000,   8.00000,   5.57409
  2.00000,   10.00000,   5.57107
  4.00000,   8.00000,   5.56974
  4.00000,   8.00000,   5.56841
  5.00000,   7.00000,   5.56793
  4.00000,   8.00000,   5.56661
  6.00000,   6.00000,   5.56698
  8.00000,   4.00000,   5.56902
  4.00000,   8.00000,   5.56770
  5.00000,   7.00000,   5.56723
  6.00000,   6.00000,   5.56759
  4.00000,   8.00000,   5.56628
  6.00000,   6.00000,   5.56664
  6.00000,   6.00000,   5.56700
  4.00000,   8.00000,   5.56569
  8.00000,   4.00000,   5.56773
  4.00000,   8.00000,   5.56642
  7.00000,   5.00000,   5.56761
  8.00000,   4.00000,   5.56964
  4.00000,   8.00000,   5.56833
  4.00000,   8.00000,   5.56703
  4.00000,   8.00000,   5.56572
  0.00000,   12.00000,   5.56110
  5.00000,   7.00000,   5.56063
  6.00000,   6.00000,   5.56100
  6.00000,   6.00000,   5.56136
  5.00000,   7.00000,   5.56089
  3.00000,   9.00000,   5.55877
  6.00000,   6.00000,   5.55914
  6.00000,   6.00000,   5.55950
  2.00000,   10.00000,   5.55656
  4.00000,   8.00000,   5.55528
  4.00000,   8.00000,   5.55400
  8.00000,   4.00000,   5.55601
  4.00000,   8.00000,   5.55473
  6.00000,   6.00000,   5.55510
  8.00000,   4.00000,   5.55711
  2.00000,   10.00000,   5.55419
  6.00000,   6.00000,   5.55455
  6.00000,   6.00000,   5.55492
  6.00000,   6.00000,   5.55528
  4.00000,   8.00000,   5.55401
  8.00000,   4.00000,   5.55601
  2.00000,   10.00000,   5.55310
  8.00000,   4.00000,   5.55510
  4.00000,   8.00000,   5.55383
  6.00000,   6.00000,   5.55420
  4.00000,   8.00000,   5.55293
  8.00000,   4.00000,   5.55492
  3.00000,   9.00000,   5.55285
  2.00000,   10.00000,   5.54996
  6.00000,   6.00000,   5.55032
  8.00000,   4.00000,   5.55231
  6.00000,   6.00000,   5.55267
  4.00000,   8.00000,   5.55142
  8.00000,   4.00000,   5.55340
  4.00000,   8.00000,   5.55214
  8.00000,   4.00000,   5.55412
  6.00000,   6.00000,   5.55448
  6.00000,   6.00000,   5.55484
  8.00000,   4.00000,   5.55681
  4.00000,   8.00000,   5.55556
  2.00000,   10.00000,   5.55270
  2.00000,   10.00000,   5.54984
  8.00000,   4.00000,   5.55181
  2.00000,   10.00000,   5.54896
  2.00000,   10.00000,   5.54611
  2.00000,   10.00000,   5.54327
  8.00000,   4.00000,   5.54524
  8.00000,   4.00000,   5.54720
  4.00000,   8.00000,   5.54596
  4.00000,   8.00000,   5.54473
  4.00000,   8.00000,   5.54350
  6.00000,   6.00000,   5.54386
  6.00000,   6.00000,   5.54422
  4.00000,   8.00000,   5.54299
  6.00000,   6.00000,   5.54336
  8.00000,   4.00000,   5.54531
  4.00000,   8.00000,   5.54408
  6.00000,   6.00000,   5.54444
  4.00000,   8.00000,   5.54322
  8.00000,   4.00000,   5.54517
  8.00000,   4.00000,   5.54711
  6.00000,   6.00000,   5.54747
  8.00000,   4.00000,   5.54941
  4.00000,   8.00000,   5.54818
  2.00000,   10.00000,   5.54538
  6.00000,   6.00000,   5.54574
  8.00000,   4.00000,   5.54768
  6.00000,   6.00000,   5.54803
  6.00000,   6.00000,   5.54839
  4.00000,   8.00000,   5.54717
  8.00000,   4.00000,   5.54910
  6.00000,   6.00000,   5.54945
  4.00000,   8.00000,   5.54824
  6.00000,   6.00000,   5.54859
  6.00000,   6.00000,   5.54894
  6.00000,   6.00000,   5.54930
  6.00000,   6.00000,   5.54965
  6.00000,   6.00000,   5.55000
  4.00000,   8.00000,   5.54879
  8.00000,   4.00000,   5.55070
  4.00000,   8.00000,   5.54949
  6.00000,   6.00000,   5.54984
  4.00000,   8.00000,   5.54864
  6.00000,   6.00000,   5.54899
  8.00000,   4.00000,   5.55089
  4.00000,   8.00000,   5.54969
  4.00000,   8.00000,   5.54849
  4.00000,   8.00000,   5.54729
  2.00000,   10.00000,   5.54454
  6.00000,   6.00000,   5.54489
  6.00000,   6.00000,   5.54524
  4.00000,   8.00000,   5.54405
  4.00000,   8.00000,   5.54286
  6.00000,   6.00000,   5.54321
  3.00000,   9.00000,   5.54125
  10.00000,   2.00000,   5.54468
  6.00000,   6.00000,   5.54503
  2.00000,   10.00000,   5.54231
  4.00000,   8.00000,   5.54112
  4.00000,   8.00000,   5.53994
  4.00000,   8.00000,   5.53876
  4.00000,   8.00000,   5.53758
  5.00000,   7.00000,   5.53716
  6.00000,   6.00000,   5.53752
  6.00000,   6.00000,   5.53787
  6.00000,   6.00000,   5.53823
  4.00000,   8.00000,   5.53705
  7.00000,   5.00000,   5.53817
  7.00000,   5.00000,   5.53928
  4.00000,   8.00000,   5.53811
  8.00000,   4.00000,   5.53998
  4.00000,   8.00000,   5.53881
  5.00000,   7.00000,   5.53840
  6.00000,   6.00000,   5.53875
  4.00000,   8.00000,   5.53759
  4.00000,   8.00000,   5.53642
  4.00000,   8.00000,   5.53525
  4.00000,   8.00000,   5.53409
  6.00000,   6.00000,   5.53444
  6.00000,   6.00000,   5.53480
  8.00000,   4.00000,   5.53666
  4.00000,   8.00000,   5.53550
  8.00000,   4.00000,   5.53736
  6.00000,   6.00000,   5.53771
  8.00000,   4.00000,   5.53956
  10.00000,   2.00000,   5.54292
  6.00000,   6.00000,   5.54327
  8.00000,   4.00000,   5.54511
  8.00000,   4.00000,   5.54696
  6.00000,   6.00000,   5.54730
  8.00000,   4.00000,   5.54914
  7.00000,   5.00000,   5.55022
  6.00000,   6.00000,   5.55056
  6.00000,   6.00000,   5.55090
  4.00000,   8.00000,   5.54974
  4.00000,   8.00000,   5.54858
  7.00000,   5.00000,   5.54966
  6.00000,   6.00000,   5.55000
  4.00000,   8.00000,   5.54884
  6.00000,   6.00000,   5.54918
  8.00000,   4.00000,   5.55101
  4.00000,   8.00000,   5.54985
  10.00000,   2.00000,   5.55316
  6.00000,   6.00000,   5.55349
  6.00000,   6.00000,   5.55382
  4.00000,   8.00000,   5.55267
  4.00000,   8.00000,   5.55152
  6.00000,   6.00000,   5.55185
  4.00000,   8.00000,   5.55070
  4.00000,   8.00000,   5.54956
  6.00000,   6.00000,   5.54989
  5.00000,   7.00000,   5.54948
  6.00000,   6.00000,   5.54982
  4.00000,   8.00000,   5.54867
  8.00000,   4.00000,   5.55048
  4.00000,   8.00000,   5.54934
  8.00000,   4.00000,   5.55114
  4.00000,   8.00000,   5.55000
  4.00000,   8.00000,   5.54886
  6.00000,   6.00000,   5.54919
  6.00000,   6.00000,   5.54952
  8.00000,   4.00000,   5.55132
  6.00000,   6.00000,   5.55165
  6.00000,   6.00000,   5.55198
  8.00000,   4.00000,   5.55377
  2.00000,   10.00000,   5.55117
  8.00000,   4.00000,   5.55296
  10.00000,   2.00000,   5.55620
  4.00000,   8.00000,   5.55507
  4.00000,   8.00000,   5.55394
  6.00000,   6.00000,   5.55426
  5.00000,   7.00000,   5.55386
  4.00000,   8.00000,   5.55273
  6.00000,   6.00000,   5.55305
  6.00000,   6.00000,   5.55338
  8.00000,   4.00000,   5.55515
  5.00000,   7.00000,   5.55475
  5.00000,   7.00000,   5.55435
  5.00000,   7.00000,   5.55395
  2.00000,   10.00000,   5.55137
  6.00000,   6.00000,   5.55170
  4.00000,   8.00000,   5.55058
  2.00000,   10.00000,   5.54801
  4.00000,   8.00000,   5.54690
  8.00000,   4.00000,   5.54867
  4.00000,   8.00000,   5.54755
  4.00000,   8.00000,   5.54644
  4.00000,   8.00000,   5.54532
  6.00000,   6.00000,   5.54565
  6.00000,   6.00000,   5.54598
  4.00000,   8.00000,   5.54487
  6.00000,   6.00000,   5.54519
  2.00000,   10.00000,   5.54265
  4.00000,   8.00000,   5.54155
  6.00000,   6.00000,   5.54188
  4.00000,   8.00000,   5.54077
  6.00000,   6.00000,   5.54110
  5.00000,   7.00000,   5.54071
  6.00000,   6.00000,   5.54104
  8.00000,   4.00000,   5.54280
  8.00000,   4.00000,   5.54455
  4.00000,   8.00000,   5.54345
  4.00000,   8.00000,   5.54235
  6.00000,   6.00000,   5.54267
  2.00000,   10.00000,   5.54016
  4.00000,   8.00000,   5.53906
  6.00000,   6.00000,   5.53939
  8.00000,   4.00000,   5.54113
  8.00000,   4.00000,   5.54288
  8.00000,   4.00000,   5.54462
  7.00000,   5.00000,   5.54565
  6.00000,   6.00000,   5.54597
  6.00000,   6.00000,   5.54629
  8.00000,   4.00000,   5.54802
  4.00000,   8.00000,   5.54693
  6.00000,   6.00000,   5.54725
  6.00000,   6.00000,   5.54757
  6.00000,   6.00000,   5.54789
  8.00000,   4.00000,   5.54961
  6.00000,   6.00000,   5.54993
  8.00000,   4.00000,   5.55165
  6.00000,   6.00000,   5.55197
  6.00000,   6.00000,   5.55228
  8.00000,   4.00000,   5.55400
  4.00000,   8.00000,   5.55291
  8.00000,   4.00000,   5.55462
  6.00000,   6.00000,   5.55493
  4.00000,   8.00000,   5.55385
  4.00000,   8.00000,   5.55276
  8.00000,   4.00000,   5.55447
  8.00000,   4.00000,   5.55618
  8.00000,   4.00000,   5.55788
  4.00000,   8.00000,   5.55679
  8.00000,   4.00000,   5.55850
  5.00000,   7.00000,   5.55811
  6.00000,   6.00000,   5.55841
  6.00000,   6.00000,   5.55872
  4.00000,   8.00000,   5.55764
  8.00000,   4.00000,   5.55933
  4.00000,   8.00000,   5.55825
  6.00000,   6.00000,   5.55856
  10.00000,   2.00000,   5.56163
  6.00000,   6.00000,   5.56194
  6.00000,   6.00000,   5.56224
  6.00000,   6.00000,   5.56254
  10.00000,   2.00000,   5.56561
  6.00000,   6.00000,   5.56591
  10.00000,   2.00000,   5.56897
  8.00000,   4.00000,   5.57064
  4.00000,   8.00000,   5.56956
  4.00000,   8.00000,   5.56848
  6.00000,   6.00000,   5.56878
  8.00000,   4.00000,   5.57045
  8.00000,   4.00000,   5.57212
  3.00000,   9.00000,   5.57035
  4.00000,   8.00000,   5.56927
  6.00000,   6.00000,   5.56957
  4.00000,   8.00000,   5.56849
  3.00000,   9.00000,   5.56674
  4.00000,   8.00000,   5.56566
  4.00000,   8.00000,   5.56459
  8.00000,   4.00000,   5.56626
  6.00000,   6.00000,   5.56655
  8.00000,   4.00000,   5.56821
  7.00000,   5.00000,   5.56919
  4.00000,   8.00000,   5.56812
  7.00000,   5.00000,   5.56909
  4.00000,   8.00000,   5.56803
  6.00000,   6.00000,   5.56832
  4.00000,   8.00000,   5.56726
  6.00000,   6.00000,   5.56755
  8.00000,   4.00000,   5.56920
  5.00000,   7.00000,   5.56881
  8.00000,   4.00000,   5.57046
  6.00000,   6.00000,   5.57075
  8.00000,   4.00000,   5.57240
  3.00000,   9.00000,   5.57066
  6.00000,   6.00000,   5.57095
  2.00000,   10.00000,   5.56853
  10.00000,   2.00000,   5.57152
  8.00000,   4.00000,   5.57316
  6.00000,   6.00000,   5.57345
  6.00000,   6.00000,   5.57374
  6.00000,   6.00000,   5.57402
  6.00000,   6.00000,   5.57431
  4.00000,   8.00000,   5.57325
  6.00000,   6.00000,   5.57354
  2.00000,   10.00000,   5.57114
  6.00000,   6.00000,   5.57143
  2.00000,   10.00000,   5.56903
  6.00000,   6.00000,   5.56932
  4.00000,   8.00000,   5.56827
  8.00000,   4.00000,   5.56990
  5.00000,   7.00000,   5.56952
  6.00000,   6.00000,   5.56981
  4.00000,   8.00000,   5.56876
  8.00000,   4.00000,   5.57038
  4.00000,   8.00000,   5.56933
  8.00000,   4.00000,   5.57095
  5.00000,   7.00000,   5.57057
  2.00000,   10.00000,   5.56820
  7.00000,   5.00000,   5.56915
  4.00000,   8.00000,   5.56811
  3.00000,   9.00000,   5.56640
  6.00000,   6.00000,   5.56669
  6.00000,   6.00000,   5.56698
  6.00000,   6.00000,   5.56726
  4.00000,   8.00000,   5.56623
  6.00000,   6.00000,   5.56651
  6.00000,   6.00000,   5.56680
  4.00000,   8.00000,   5.56576
  5.00000,   7.00000,   5.56539
  3.00000,   9.00000,   5.56370
  3.00000,   9.00000,   5.56201
  4.00000,   8.00000,   5.56098
  4.00000,   8.00000,   5.55995
  6.00000,   6.00000,   5.56024
  4.00000,   8.00000,   5.55921
  4.00000,   8.00000,   5.55819
  6.00000,   6.00000,   5.55848
  2.00000,   10.00000,   5.55614
  3.00000,   9.00000,   5.55446
  2.00000,   10.00000,   5.55213
  6.00000,   6.00000,   5.55242
  3.00000,   9.00000,   5.55075
  4.00000,   8.00000,   5.54974
  6.00000,   6.00000,   5.55003
  6.00000,   6.00000,   5.55033
  8.00000,   4.00000,   5.55193
  6.00000,   6.00000,   5.55222
  6.00000,   6.00000,   5.55251
  4.00000,   8.00000,   5.55150
  6.00000,   6.00000,   5.55179
  6.00000,   6.00000,   5.55208
  4.00000,   8.00000,   5.55107
  6.00000,   6.00000,   5.55137
  3.00000,   9.00000,   5.54971
  10.00000,   2.00000,   5.55260
  6.00000,   6.00000,   5.55289
  4.00000,   8.00000,   5.55188
  1.00000,   11.00000,   5.54893
  4.00000,   8.00000,   5.54793
  3.00000,   9.00000,   5.54628
  8.00000,   4.00000,   5.54787
  4.00000,   8.00000,   5.54686
  6.00000,   6.00000,   5.54716
  6.00000,   6.00000,   5.54745
  3.00000,   9.00000,   5.54581
  6.00000,   6.00000,   5.54610
  6.00000,   6.00000,   5.54639
  2.00000,   10.00000,   5.54411
  4.00000,   8.00000,   5.54311
  5.00000,   7.00000,   5.54277
  3.00000,   9.00000,   5.54113
  8.00000,   4.00000,   5.54271
  6.00000,   6.00000,   5.54300
  5.00000,   7.00000,   5.54266
  4.00000,   8.00000,   5.54167
  4.00000,   8.00000,   5.54068
  4.00000,   8.00000,   5.53969
  4.00000,   8.00000,   5.53871
  3.00000,   9.00000,   5.53708
  4.00000,   8.00000,   5.53610
  8.00000,   4.00000,   5.53768
  4.00000,   8.00000,   5.53669
  8.00000,   4.00000,   5.53827
  4.00000,   8.00000,   5.53728
  4.00000,   8.00000,   5.53631
  2.00000,   10.00000,   5.53405
  6.00000,   6.00000,   5.53435
  6.00000,   6.00000,   5.53465
  4.00000,   8.00000,   5.53367
  6.00000,   6.00000,   5.53397
  6.00000,   6.00000,   5.53426
  4.00000,   8.00000,   5.53329
  4.00000,   8.00000,   5.53232
  3.00000,   9.00000,   5.53072
  3.00000,   9.00000,   5.52911
  6.00000,   6.00000,   5.52941
  4.00000,   8.00000,   5.52845
  4.00000,   8.00000,   5.52748
  6.00000,   6.00000,   5.52778
  4.00000,   8.00000,   5.52681
  3.00000,   9.00000,   5.52522
  6.00000,   6.00000,   5.52552
  6.00000,   6.00000,   5.52582
  6.00000,   6.00000,   5.52612
  6.00000,   6.00000,   5.52642
  4.00000,   8.00000,   5.52546
  4.00000,   8.00000,   5.52450
  4.00000,   8.00000,   5.52354
  7.00000,   5.00000,   5.52447
  4.00000,   8.00000,   5.52351
  4.00000,   8.00000,   5.52256
  4.00000,   8.00000,   5.52160
  6.00000,   6.00000,   5.52190
  6.00000,   6.00000,   5.52220
  4.00000,   8.00000,   5.52125
  5.00000,   7.00000,   5.52092
  3.00000,   9.00000,   5.51935
  6.00000,   6.00000,   5.51965
  6.00000,   6.00000,   5.51995
  2.00000,   10.00000,   5.51776
  6.00000,   6.00000,   5.51806
  2.00000,   10.00000,   5.51587
  6.00000,   6.00000,   5.51617
  5.00000,   7.00000,   5.51585
  6.00000,   6.00000,   5.51615
  6.00000,   6.00000,   5.51645
  4.00000,   8.00000,   5.51551
  6.00000,   6.00000,   5.51581
  4.00000,   8.00000,   5.51487
  8.00000,   4.00000,   5.51641
  2.00000,   10.00000,   5.51423
  4.00000,   8.00000,   5.51330
  2.00000,   10.00000,   5.51112
  10.00000,   2.00000,   5.51390
  6.00000,   6.00000,   5.51420
  6.00000,   6.00000,   5.51450
  6.00000,   6.00000,   5.51480
  7.00000,   5.00000,   5.51571
  3.00000,   9.00000,   5.51416
  10.00000,   2.00000,   5.51692
  6.00000,   6.00000,   5.51722
  4.00000,   8.00000,   5.51629
  3.00000,   9.00000,   5.51474
  4.00000,   8.00000,   5.51381
  0.00000,   12.00000,   5.51043
  3.00000,   9.00000,   5.50889
  4.00000,   8.00000,   5.50797
  6.00000,   6.00000,   5.50827
  5.00000,   7.00000,   5.50796
  3.00000,   9.00000,   5.50642
  6.00000,   6.00000,   5.50672
  6.00000,   6.00000,   5.50703
  4.00000,   8.00000,   5.50611
  6.00000,   6.00000,   5.50641
  7.00000,   5.00000,   5.50732
  6.00000,   6.00000,   5.50762
  4.00000,   8.00000,   5.50670
  6.00000,   6.00000,   5.50700
  4.00000,   8.00000,   5.50608
  4.00000,   8.00000,   5.50517
  6.00000,   6.00000,   5.50547
  6.00000,   6.00000,   5.50577
  2.00000,   10.00000,   5.50364
  4.00000,   8.00000,   5.50273
  4.00000,   8.00000,   5.50182
  4.00000,   8.00000,   5.50091
  6.00000,   6.00000,   5.50121
  2.00000,   10.00000,   5.49909
  2.00000,   10.00000,   5.49698
  6.00000,   6.00000,   5.49728
  4.00000,   8.00000,   5.49638
  6.00000,   6.00000,   5.49668
  4.00000,   8.00000,   5.49578
  8.00000,   4.00000,   5.49729
  4.00000,   8.00000,   5.49639
  2.00000,   10.00000,   5.49428
  6.00000,   6.00000,   5.49458
  8.00000,   4.00000,   5.49609
  6.00000,   6.00000,   5.49639
  3.00000,   9.00000,   5.49489
  4.00000,   8.00000,   5.49400
  4.00000,   8.00000,   5.49310
  6.00000,   6.00000,   5.49341
  6.00000,   6.00000,   5.49371
  4.00000,   8.00000,   5.49281
  4.00000,   8.00000,   5.49192
  5.00000,   7.00000,   5.49163
  4.00000,   8.00000,   5.49074
  6.00000,   6.00000,   5.49104
  8.00000,   4.00000,   5.49254
  5.00000,   7.00000,   5.49224
  6.00000,   6.00000,   5.49255
  6.00000,   6.00000,   5.49285
  4.00000,   8.00000,   5.49196
  4.00000,   8.00000,   5.49107
  5.00000,   7.00000,   5.49078
  8.00000,   4.00000,   5.49227
  3.00000,   9.00000,   5.49079
  4.00000,   8.00000,   5.48990
  6.00000,   6.00000,   5.49021
  4.00000,   8.00000,   5.48932
  6.00000,   6.00000,   5.48963
  6.00000,   6.00000,   5.48993
  4.00000,   8.00000,   5.48905
  6.00000,   6.00000,   5.48935
  4.00000,   8.00000,   5.48847
  4.00000,   8.00000,   5.48759
  5.00000,   7.00000,   5.48730
  3.00000,   9.00000,   5.48583
  4.00000,   8.00000,   5.48496
  5.00000,   7.00000,   5.48467
  8.00000,   4.00000,   5.48615
  6.00000,   6.00000,   5.48645
  6.00000,   6.00000,   5.48676
  6.00000,   6.00000,   5.48706
  8.00000,   4.00000,   5.48854
  4.00000,   8.00000,   5.48766
  4.00000,   8.00000,   5.48679
  5.00000,   7.00000,   5.48650
  4.00000,   8.00000,   5.48563
  6.00000,   6.00000,   5.48593
  6.00000,   6.00000,   5.48623
  6.00000,   6.00000,   5.48653
  4.00000,   8.00000,   5.48566
  8.00000,   4.00000,   5.48713
  2.00000,   10.00000,   5.48510
  8.00000,   4.00000,   5.48657
  2.00000,   10.00000,   5.48453
  6.00000,   6.00000,   5.48483
  4.00000,   8.00000,   5.48397
  7.00000,   5.00000,   5.48485
  4.00000,   8.00000,   5.48398
  6.00000,   6.00000,   5.48428
  2.00000,   10.00000,   5.48226
  6.00000,   6.00000,   5.48256
  6.00000,   6.00000,   5.48286
  6.00000,   6.00000,   5.48316
  4.00000,   8.00000,   5.48230
  6.00000,   6.00000,   5.48260
  4.00000,   8.00000,   5.48174
  4.00000,   8.00000,   5.48088
  4.00000,   8.00000,   5.48002
  4.00000,   8.00000,   5.47917
  2.00000,   10.00000,   5.47715
  2.00000,   10.00000,   5.47514
  6.00000,   6.00000,   5.47545
  6.00000,   6.00000,   5.47575
  4.00000,   8.00000,   5.47490
  5.00000,   7.00000,   5.47463
  4.00000,   8.00000,   5.47378
  3.00000,   9.00000,   5.47235
  4.00000,   8.00000,   5.47150
  2.00000,   10.00000,   5.46951
  4.00000,   8.00000,   5.46866
  4.00000,   8.00000,   5.46782
  6.00000,   6.00000,   5.46812
  2.00000,   10.00000,   5.46613
  3.00000,   9.00000,   5.46472
  6.00000,   6.00000,   5.46502
  2.00000,   10.00000,   5.46304
  8.00000,   4.00000,   5.46449
  4.00000,   8.00000,   5.46365
  4.00000,   8.00000,   5.46281
  8.00000,   4.00000,   5.46427
  8.00000,   4.00000,   5.46571
  4.00000,   8.00000,   5.46488
  8.00000,   4.00000,   5.46632
  2.00000,   10.00000,   5.46435
  4.00000,   8.00000,   5.46351
  5.00000,   7.00000,   5.46325
  3.00000,   9.00000,   5.46185
  8.00000,   4.00000,   5.46329
  6.00000,   6.00000,   5.46359
  4.00000,   8.00000,   5.46276
  2.00000,   10.00000,   5.46080
  6.00000,   6.00000,   5.46110
  6.00000,   6.00000,   5.46141
  4.00000,   8.00000,   5.46058
  6.00000,   6.00000,   5.46088
  3.00000,   9.00000,   5.45949
  4.00000,   8.00000,   5.45866
  6.00000,   6.00000,   5.45897
  4.00000,   8.00000,   5.45814
  3.00000,   9.00000,   5.45676
  8.00000,   4.00000,   5.45819
  4.00000,   8.00000,   5.45737
  6.00000,   6.00000,   5.45767
  8.00000,   4.00000,   5.45911
  3.00000,   9.00000,   5.45772
  10.00000,   2.00000,   5.46028
  6.00000,   6.00000,   5.46059
  6.00000,   6.00000,   5.46089
  2.00000,   10.00000,   5.45894
  4.00000,   8.00000,   5.45812
  6.00000,   6.00000,   5.45843
  4.00000,   8.00000,   5.45761
  2.00000,   10.00000,   5.45567
  6.00000,   6.00000,   5.45597
  8.00000,   4.00000,   5.45740
  6.00000,   6.00000,   5.45770
  6.00000,   6.00000,   5.45801
  4.00000,   8.00000,   5.45719
  2.00000,   10.00000,   5.45526
  6.00000,   6.00000,   5.45556
  4.00000,   8.00000,   5.45475
  4.00000,   8.00000,   5.45394
  1.00000,   11.00000,   5.45145
  8.00000,   4.00000,   5.45287
  8.00000,   4.00000,   5.45429
  2.00000,   10.00000,   5.45237
  6.00000,   6.00000,   5.45267
  6.00000,   6.00000,   5.45298
  6.00000,   6.00000,   5.45328
  4.00000,   8.00000,   5.45247
  6.00000,   6.00000,   5.45278
  6.00000,   6.00000,   5.45308
  4.00000,   8.00000,   5.45228
  4.00000,   8.00000,   5.45147
  6.00000,   6.00000,   5.45177
  6.00000,   6.00000,   5.45208
  6.00000,   6.00000,   5.45238
  8.00000,   4.00000,   5.45379
  4.00000,   8.00000,   5.45299
  6.00000,   6.00000,   5.45329
  4.00000,   8.00000,   5.45249
  6.00000,   6.00000,   5.45279
  3.00000,   9.00000,   5.45143
  4.00000,   8.00000,   5.45063
  6.00000,   6.00000,   5.45094
  4.00000,   8.00000,   5.45014
  1.00000,   11.00000,   5.44769
  5.00000,   7.00000,   5.44744
  6.00000,   6.00000,   5.44774
  5.00000,   7.00000,   5.44750
  6.00000,   6.00000,   5.44780
  6.00000,   6.00000,   5.44811
  6.00000,   6.00000,   5.44841
  4.00000,   8.00000,   5.44761
  3.00000,   9.00000,   5.44627
  6.00000,   6.00000,   5.44658
  6.00000,   6.00000,   5.44688
  6.00000,   6.00000,   5.44718
  8.00000,   4.00000,   5.44858
  3.00000,   9.00000,   5.44724
  4.00000,   8.00000,   5.44645
  8.00000,   4.00000,   5.44784
  2.00000,   10.00000,   5.44596
  4.00000,   8.00000,   5.44517
  6.00000,   6.00000,   5.44547
  3.00000,   9.00000,   5.44414
  6.00000,   6.00000,   5.44444
  2.00000,   10.00000,   5.44257
  4.00000,   8.00000,   5.44178
  4.00000,   8.00000,   5.44100
  6.00000,   6.00000,   5.44130
  8.00000,   4.00000,   5.44269
  6.00000,   6.00000,   5.44300
  6.00000,   6.00000,   5.44330
  8.00000,   4.00000,   5.44469
  6.00000,   6.00000,   5.44499
  4.00000,   8.00000,   5.44420
  4.00000,   8.00000,   5.44342
  6.00000,   6.00000,   5.44372
  3.00000,   9.00000,   5.44240
  4.00000,   8.00000,   5.44162
  4.00000,   8.00000,   5.44084
  4.00000,   8.00000,   5.44006
  4.00000,   8.00000,   5.43929
  4.00000,   8.00000,   5.43851
  6.00000,   6.00000,   5.43881
  7.00000,   5.00000,   5.43966
  4.00000,   8.00000,   5.43888
  6.00000,   6.00000,   5.43918
  0.00000,   12.00000,   5.43626
  6.00000,   6.00000,   5.43656
  6.00000,   6.00000,   5.43686
  4.00000,   8.00000,   5.43609
  4.00000,   8.00000,   5.43532
  4.00000,   8.00000,   5.43455
  4.00000,   8.00000,   5.43378
  3.00000,   9.00000,   5.43248
  6.00000,   6.00000,   5.43278
  2.00000,   10.00000,   5.43094
  4.00000,   8.00000,   5.43018
  6.00000,   6.00000,   5.43048
  4.00000,   8.00000,   5.42972
  6.00000,   6.00000,   5.43002
  4.00000,   8.00000,   5.42926
  4.00000,   8.00000,   5.42850
  4.00000,   8.00000,   5.42773
  4.00000,   8.00000,   5.42697
  6.00000,   6.00000,   5.42728
  8.00000,   4.00000,   5.42865
  6.00000,   6.00000,   5.42895
  4.00000,   8.00000,   5.42819
  4.00000,   8.00000,   5.42743
  8.00000,   4.00000,   5.42880
  8.00000,   4.00000,   5.43016
  4.00000,   8.00000,   5.42941
  4.00000,   8.00000,   5.42865
  2.00000,   10.00000,   5.42683
  3.00000,   9.00000,   5.42554
  4.00000,   8.00000,   5.42479
  6.00000,   6.00000,   5.42509
  4.00000,   8.00000,   5.42434
  4.00000,   8.00000,   5.42359
  4.00000,   8.00000,   5.42283
  6.00000,   6.00000,   5.42314
  5.00000,   7.00000,   5.42291
  4.00000,   8.00000,   5.42216
  2.00000,   10.00000,   5.42036
  4.00000,   8.00000,   5.41961
  8.00000,   4.00000,   5.42097
  4.00000,   8.00000,   5.42022
  4.00000,   8.00000,   5.41947
  4.00000,   8.00000,   5.41873
  2.00000,   10.00000,   5.41693
  8.00000,   4.00000,   5.41829
  6.00000,   6.00000,   5.41859
  4.00000,   8.00000,   5.41785
  6.00000,   6.00000,   5.41815
  4.00000,   8.00000,   5.41741
  6.00000,   6.00000,   5.41771
  8.00000,   4.00000,   5.41907
  4.00000,   8.00000,   5.41832
  4.00000,   8.00000,   5.41758
  6.00000,   6.00000,   5.41789
  6.00000,   6.00000,   5.41819
  6.00000,   6.00000,   5.41850
  4.00000,   8.00000,   5.41775
  4.00000,   8.00000,   5.41701
  4.00000,   8.00000,   5.41628
  6.00000,   6.00000,   5.41658
  3.00000,   9.00000,   5.41532
  2.00000,   10.00000,   5.41354
  6.00000,   6.00000,   5.41385
  4.00000,   8.00000,   5.41311
  2.00000,   10.00000,   5.41134
  4.00000,   8.00000,   5.41060
  8.00000,   4.00000,   5.41195
  4.00000,   8.00000,   5.41121
  4.00000,   8.00000,   5.41048
  6.00000,   6.00000,   5.41079
  3.00000,   9.00000,   5.40954
  6.00000,   6.00000,   5.40984
  5.00000,   7.00000,   5.40963
  1.00000,   11.00000,   5.40735
  6.00000,   6.00000,   5.40766
  4.00000,   8.00000,   5.40693
  3.00000,   9.00000,   5.40568
  2.00000,   10.00000,   5.40393
  2.00000,   10.00000,   5.40217
  4.00000,   8.00000,   5.40144
  5.00000,   7.00000,   5.40124
  2.00000,   10.00000,   5.39948
  6.00000,   6.00000,   5.39979
  8.00000,   4.00000,   5.40113
  2.00000,   10.00000,   5.39938
  3.00000,   9.00000,   5.39815
  8.00000,   4.00000,   5.39949
  4.00000,   8.00000,   5.39877
  4.00000,   8.00000,   5.39805
  6.00000,   6.00000,   5.39836
  2.00000,   10.00000,   5.39661
  8.00000,   4.00000,   5.39795
  6.00000,   6.00000,   5.39826
  6.00000,   6.00000,   5.39857
  8.00000,   4.00000,   5.39990
  4.00000,   8.00000,   5.39918
  10.00000,   2.00000,   5.40153
  4.00000,   8.00000,   5.40082
  6.00000,   6.00000,   5.40112
  6.00000,   6.00000,   5.40143
  6.00000,   6.00000,   5.40174
  2.00000,   10.00000,   5.40000
  4.00000,   8.00000,   5.39929
  2.00000,   10.00000,   5.39755
  4.00000,   8.00000,   5.39684
  6.00000,   6.00000,   5.39715
  5.00000,   7.00000,   5.39695
  4.00000,   8.00000,   5.39624
  6.00000,   6.00000,   5.39654
  4.00000,   8.00000,   5.39583
  2.00000,   10.00000,   5.39411
  4.00000,   8.00000,   5.39340
  3.00000,   9.00000,   5.39219
  6.00000,   6.00000,   5.39249
  3.00000,   9.00000,   5.39128
  6.00000,   6.00000,   5.39159
  6.00000,   6.00000,   5.39190
  5.00000,   7.00000,   5.39170
  4.00000,   8.00000,   5.39100
  4.00000,   8.00000,   5.39029
  5.00000,   7.00000,   5.39010
  4.00000,   8.00000,   5.38939
  4.00000,   8.00000,   5.38869
  0.00000,   12.00000,   5.38597
  6.00000,   6.00000,   5.38628
  4.00000,   8.00000,   5.38558
  6.00000,   6.00000,   5.38589
  6.00000,   6.00000,   5.38620
  4.00000,   8.00000,   5.38551
  0.00000,   12.00000,   5.38280
  4.00000,   8.00000,   5.38210
  8.00000,   4.00000,   5.38342
  6.00000,   6.00000,   5.38373
  4.00000,   8.00000,   5.38303
  8.00000,   4.00000,   5.38435
  2.00000,   10.00000,   5.38265
  4.00000,   8.00000,   5.38195
  3.00000,   9.00000,   5.38076
  6.00000,   6.00000,   5.38107
  4.00000,   8.00000,   5.38038
  6.00000,   6.00000,   5.38069
  2.00000,   10.00000,   5.37900
  6.00000,   6.00000,   5.37931
  4.00000,   8.00000,   5.37862
  6.00000,   6.00000,   5.37893
  4.00000,   8.00000,   5.37824
  3.00000,   9.00000,   5.37706
  6.00000,   6.00000,   5.37737
  1.00000,   11.00000,   5.37519
  2.00000,   10.00000,   5.37351
  2.00000,   10.00000,   5.37183
  6.00000,   6.00000,   5.37214
  2.00000,   10.00000,   5.37046
  6.00000,   6.00000,   5.37078
  6.00000,   6.00000,   5.37109
  4.00000,   8.00000,   5.37041
  4.00000,   8.00000,   5.36973
  4.00000,   8.00000,   5.36905
  6.00000,   6.00000,   5.36936
  10.00000,   2.00000,   5.37166
  8.00000,   4.00000,   5.37296
  5.00000,   7.00000,   5.37277
  4.00000,   8.00000,   5.37209
  6.00000,   6.00000,   5.37240
  4.00000,   8.00000,   5.37173
  4.00000,   8.00000,   5.37105
  6.00000,   6.00000,   5.37136
  6.00000,   6.00000,   5.37167
  3.00000,   9.00000,   5.37050
  4.00000,   8.00000,   5.36982
  4.00000,   8.00000,   5.36915
  6.00000,   6.00000,   5.36946
  4.00000,   8.00000,   5.36878
  6.00000,   6.00000,   5.36909
  6.00000,   6.00000,   5.36940
  4.00000,   8.00000,   5.36873
  4.00000,   8.00000,   5.36806
  4.00000,   8.00000,   5.36739
  2.00000,   10.00000,   5.36573
  6.00000,   6.00000,   5.36605
  4.00000,   8.00000,   5.36538
  4.00000,   8.00000,   5.36471
  6.00000,   6.00000,   5.36502
  8.00000,   4.00000,   5.36631
  6.00000,   6.00000,   5.36662
  4.00000,   8.00000,   5.36595
  7.00000,   5.00000,   5.36675
  6.00000,   6.00000,   5.36706
  6.00000,   6.00000,   5.36737
  8.00000,   4.00000,   5.36865
  6.00000,   6.00000,   5.36896
  6.00000,   6.00000,   5.36927
  4.00000,   8.00000,   5.36860
  2.00000,   10.00000,   5.36696
  2.00000,   10.00000,   5.36532
  6.00000,   6.00000,   5.36563
  6.00000,   6.00000,   5.36594
  4.00000,   8.00000,   5.36527
  6.00000,   6.00000,   5.36558
  6.00000,   6.00000,   5.36589
  4.00000,   8.00000,   5.36523
  6.00000,   6.00000,   5.36553
  6.00000,   6.00000,   5.36584
  6.00000,   6.00000,   5.36615
  3.00000,   9.00000,   5.36500
  6.00000,   6.00000,   5.36531
  6.00000,   6.00000,   5.36562
  4.00000,   8.00000,   5.36496
  3.00000,   9.00000,   5.36381
  2.00000,   10.00000,   5.36219
  8.00000,   4.00000,   5.36346
  6.00000,   6.00000,   5.36377
  4.00000,   8.00000,   5.36311
  4.00000,   8.00000,   5.36245
  8.00000,   4.00000,   5.36372
  6.00000,   6.00000,   5.36403
  3.00000,   9.00000,   5.36289
  2.00000,   10.00000,   5.36127
  10.00000,   2.00000,   5.36351
  4.00000,   8.00000,   5.36285
  2.00000,   10.00000,   5.36123
  6.00000,   6.00000,   5.36154
  6.00000,   6.00000,   5.36185
  5.00000,   7.00000,   5.36167
  4.00000,   8.00000,   5.36102
  6.00000,   6.00000,   5.36132
  3.00000,   9.00000,   5.36019
  4.00000,   8.00000,   5.35954
  6.00000,   6.00000,   5.35985
  6.00000,   6.00000,   5.36015
  6.00000,   6.00000,   5.36046
  6.00000,   6.00000,   5.36077
  3.00000,   9.00000,   5.35964
  8.00000,   4.00000,   5.36090
  2.00000,   10.00000,   5.35929
  2.00000,   10.00000,   5.35769
  4.00000,   8.00000,   5.35704
  3.00000,   9.00000,   5.35592
  5.00000,   7.00000,   5.35575
  6.00000,   6.00000,   5.35605
  4.00000,   8.00000,   5.35541
  6.00000,   6.00000,   5.35571
  6.00000,   6.00000,   5.35602
  6.00000,   6.00000,   5.35633
  4.00000,   8.00000,   5.35568
  6.00000,   6.00000,   5.35599
  6.00000,   6.00000,   5.35629
  3.00000,   9.00000,   5.35518
  4.00000,   8.00000,   5.35453
  2.00000,   10.00000,   5.35294
  8.00000,   4.00000,   5.35420
  6.00000,   6.00000,   5.35450
  4.00000,   8.00000,   5.35386
  8.00000,   4.00000,   5.35511
  2.00000,   10.00000,   5.35353
  6.00000,   6.00000,   5.35383
  3.00000,   9.00000,   5.35272
  6.00000,   6.00000,   5.35302
  2.00000,   10.00000,   5.35144
  2.00000,   10.00000,   5.34986
  4.00000,   8.00000,   5.34922
  6.00000,   6.00000,   5.34953
  6.00000,   6.00000,   5.34983
  4.00000,   8.00000,   5.34920
  6.00000,   6.00000,   5.34951
  4.00000,   8.00000,   5.34887
  4.00000,   8.00000,   5.34824
  2.00000,   10.00000,   5.34666
  8.00000,   4.00000,   5.34791
  6.00000,   6.00000,   5.34821
  4.00000,   8.00000,   5.34758
  4.00000,   8.00000,   5.34695
  3.00000,   9.00000,   5.34585
  2.00000,   10.00000,   5.34428
  2.00000,   10.00000,   5.34271
  4.00000,   8.00000,   5.34208
  10.00000,   2.00000,   5.34426
  4.00000,   8.00000,   5.34363
  2.00000,   10.00000,   5.34207
  6.00000,   6.00000,   5.34238
  4.00000,   8.00000,   5.34175
  6.00000,   6.00000,   5.34206
  4.00000,   8.00000,   5.34143
  8.00000,   4.00000,   5.34267
  3.00000,   9.00000,   5.34158
  6.00000,   6.00000,   5.34188
  4.00000,   8.00000,   5.34126
  6.00000,   6.00000,   5.34157
  2.00000,   10.00000,   5.34001
  3.00000,   9.00000,   5.33892
  2.00000,   10.00000,   5.33737
  4.00000,   8.00000,   5.33674
  4.00000,   8.00000,   5.33612
  5.00000,   7.00000,   5.33597
  8.00000,   4.00000,   5.33720
  5.00000,   7.00000,   5.33705
  4.00000,   8.00000,   5.33643
  6.00000,   6.00000,   5.33673
  6.00000,   6.00000,   5.33704
  8.00000,   4.00000,   5.33828
  2.00000,   10.00000,   5.33673
  4.00000,   8.00000,   5.33611
  3.00000,   9.00000,   5.33503
  6.00000,   6.00000,   5.33534
  6.00000,   6.00000,   5.33564
  8.00000,   4.00000,   5.33688
  4.00000,   8.00000,   5.33626
  4.00000,   8.00000,   5.33564
  4.00000,   8.00000,   5.33503
  4.00000,   8.00000,   5.33441
  5.00000,   7.00000,   5.33426
  6.00000,   6.00000,   5.33456
  6.00000,   6.00000,   5.33487
  4.00000,   8.00000,   5.33425
  6.00000,   6.00000,   5.33456
  2.00000,   10.00000,   5.33303
  4.00000,   8.00000,   5.33241
  4.00000,   8.00000,   5.33180
  5.00000,   7.00000,   5.33165
  4.00000,   8.00000,   5.33104
  4.00000,   8.00000,   5.33043
  3.00000,   9.00000,   5.32936
  6.00000,   6.00000,   5.32967
  7.00000,   5.00000,   5.33043
  2.00000,   10.00000,   5.32891
  8.00000,   4.00000,   5.33013
  4.00000,   8.00000,   5.32952
  8.00000,   4.00000,   5.33074
  5.00000,   7.00000,   5.33059
  7.00000,   5.00000,   5.33135
  2.00000,   10.00000,   5.32983
  6.00000,   6.00000,   5.33014
  4.00000,   8.00000,   5.32953
  4.00000,   8.00000,   5.32892
  7.00000,   5.00000,   5.32969
  6.00000,   6.00000,   5.32999
  0.00000,   12.00000,   5.32756
  6.00000,   6.00000,   5.32787
  4.00000,   8.00000,   5.32726
  8.00000,   4.00000,   5.32848
  4.00000,   8.00000,   5.32788
  4.00000,   8.00000,   5.32727
  2.00000,   10.00000,   5.32576
  6.00000,   6.00000,   5.32607
  4.00000,   8.00000,   5.32547
  3.00000,   9.00000,   5.32441
  6.00000,   6.00000,   5.32472
  4.00000,   8.00000,   5.32412
  4.00000,   8.00000,   5.32352
  6.00000,   6.00000,   5.32382
  4.00000,   8.00000,   5.32322
  5.00000,   7.00000,   5.32308
  4.00000,   8.00000,   5.32248
  4.00000,   8.00000,   5.32188
  8.00000,   4.00000,   5.32309
  2.00000,   10.00000,   5.32159
  4.00000,   8.00000,   5.32099
  6.00000,   6.00000,   5.32130
  4.00000,   8.00000,   5.32070
  4.00000,   8.00000,   5.32011
  4.00000,   8.00000,   5.31951
  2.00000,   10.00000,   5.31802
  8.00000,   4.00000,   5.31923
  6.00000,   6.00000,   5.31953
  1.00000,   11.00000,   5.31759
  4.00000,   8.00000,   5.31700
  2.00000,   10.00000,   5.31551
  6.00000,   6.00000,   5.31581
  6.00000,   6.00000,   5.31612
  2.00000,   10.00000,   5.31463
  2.00000,   10.00000,   5.31314
  6.00000,   6.00000,   5.31345
  6.00000,   6.00000,   5.31376
  8.00000,   4.00000,   5.31496
  6.00000,   6.00000,   5.31527
  6.00000,   6.00000,   5.31558
  7.00000,   5.00000,   5.31633
  2.00000,   10.00000,   5.31485
  4.00000,   8.00000,   5.31426
  4.00000,   8.00000,   5.31367
  8.00000,   4.00000,   5.31487
  6.00000,   6.00000,   5.31518
  6.00000,   6.00000,   5.31548
  6.00000,   6.00000,   5.31579
  6.00000,   6.00000,   5.31609
  7.00000,   5.00000,   5.31684
  4.00000,   8.00000,   5.31626
  4.00000,   8.00000,   5.31567
  4.00000,   8.00000,   5.31509
  4.00000,   8.00000,   5.31450
  6.00000,   6.00000,   5.31481
  6.00000,   6.00000,   5.31511
  6.00000,   6.00000,   5.31542
  5.00000,   7.00000,   5.31528
  6.00000,   6.00000,   5.31558
  6.00000,   6.00000,   5.31588
  3.00000,   9.00000,   5.31486
  2.00000,   10.00000,   5.31339
  6.00000,   6.00000,   5.31369
  8.00000,   4.00000,   5.31488
  6.00000,   6.00000,   5.31518
  8.00000,   4.00000,   5.31637
  6.00000,   6.00000,   5.31667
  4.00000,   8.00000,   5.31609
  4.00000,   8.00000,   5.31551
  8.00000,   4.00000,   5.31670
  4.00000,   8.00000,   5.31611
  6.00000,   6.00000,   5.31642
  5.00000,   7.00000,   5.31628
  4.00000,   8.00000,   5.31570
  4.00000,   8.00000,   5.31512
  2.00000,   10.00000,   5.31366
  5.00000,   7.00000,   5.31352
  4.00000,   8.00000,   5.31294
  6.00000,   6.00000,   5.31324
  6.00000,   6.00000,   5.31354
  4.00000,   8.00000,   5.31297
  3.00000,   9.00000,   5.31195
  4.00000,   8.00000,   5.31137
  2.00000,   10.00000,   5.30992
  3.00000,   9.00000,   5.30891
  4.00000,   8.00000,   5.30833
  6.00000,   6.00000,   5.30864
  4.00000,   8.00000,   5.30806
  2.00000,   10.00000,   5.30661
  10.00000,   2.00000,   5.30867
  1.00000,   11.00000,   5.30678
  2.00000,   10.00000,   5.30534
  6.00000,   6.00000,   5.30564
  6.00000,   6.00000,   5.30594
  8.00000,   4.00000,   5.30712
  4.00000,   8.00000,   5.30655
  8.00000,   4.00000,   5.30773
  8.00000,   4.00000,   5.30890
  8.00000,   4.00000,   5.31007
  3.00000,   9.00000,   5.30907
  5.00000,   7.00000,   5.30893
  8.00000,   4.00000,   5.31010
  8.00000,   4.00000,   5.31128
  6.00000,   6.00000,   5.31158
  2.00000,   10.00000,   5.31013
  6.00000,   6.00000,   5.31043
  6.00000,   6.00000,   5.31073
  8.00000,   4.00000,   5.31190
  2.00000,   10.00000,   5.31046
  8.00000,   4.00000,   5.31163
  4.00000,   8.00000,   5.31106
  4.00000,   8.00000,   5.31049
  8.00000,   4.00000,   5.31166
  6.00000,   6.00000,   5.31196
  2.00000,   10.00000,   5.31052
  4.00000,   8.00000,   5.30996
  6.00000,   6.00000,   5.31026
  6.00000,   6.00000,   5.31055
  4.00000,   8.00000,   5.30999
  3.00000,   9.00000,   5.30899
  4.00000,   8.00000,   5.30842
  4.00000,   8.00000,   5.30786
  4.00000,   8.00000,   5.30729
  4.00000,   8.00000,   5.30673
  4.00000,   8.00000,   5.30617
  4.00000,   8.00000,   5.30560
  6.00000,   6.00000,   5.30590
  3.00000,   9.00000,   5.30491
  6.00000,   6.00000,   5.30521
  6.00000,   6.00000,   5.30551
  6.00000,   6.00000,   5.30581
  6.00000,   6.00000,   5.30610
  5.00000,   7.00000,   5.30597
  4.00000,   8.00000,   5.30541
  6.00000,   6.00000,   5.30571
  4.00000,   8.00000,   5.30515
  4.00000,   8.00000,   5.30459
  4.00000,   8.00000,   5.30403
  8.00000,   4.00000,   5.30519
  5.00000,   7.00000,   5.30506
  6.00000,   6.00000,   5.30535
  2.00000,   10.00000,   5.30394
  8.00000,   4.00000,   5.30509
  2.00000,   10.00000,   5.30368
  6.00000,   6.00000,   5.30398
  4.00000,   8.00000,   5.30342
  6.00000,   6.00000,   5.30372
  4.00000,   8.00000,   5.30316
  4.00000,   8.00000,   5.30260
  4.00000,   8.00000,   5.30205
  2.00000,   10.00000,   5.30064
  6.00000,   6.00000,   5.30094
  6.00000,   6.00000,   5.30124
  4.00000,   8.00000,   5.30068
  4.00000,   8.00000,   5.30013
  4.00000,   8.00000,   5.29957
  6.00000,   6.00000,   5.29987
  6.00000,   6.00000,   5.30017
  6.00000,   6.00000,   5.30047
  10.00000,   2.00000,   5.30246
  6.00000,   6.00000,   5.30276
  8.00000,   4.00000,   5.30390
  4.00000,   8.00000,   5.30335
  2.00000,   10.00000,   5.30195
  6.00000,   6.00000,   5.30225
  8.00000,   4.00000,   5.30339
  6.00000,   6.00000,   5.30368
  6.00000,   6.00000,   5.30398
  6.00000,   6.00000,   5.30427
  2.00000,   10.00000,   5.30288
  4.00000,   8.00000,   5.30233
  6.00000,   6.00000,   5.30262
  4.00000,   8.00000,   5.30207
  4.00000,   8.00000,   5.30152
  4.00000,   8.00000,   5.30097
  8.00000,   4.00000,   5.30211
  4.00000,   8.00000,   5.30156
  6.00000,   6.00000,   5.30185
  8.00000,   4.00000,   5.30299
  6.00000,   6.00000,   5.30329
  4.00000,   8.00000,   5.30274
  6.00000,   6.00000,   5.30303
  2.00000,   10.00000,   5.30164
  3.00000,   9.00000,   5.30067
  4.00000,   8.00000,   5.30013
  4.00000,   8.00000,   5.29958
  4.00000,   8.00000,   5.29903
  4.00000,   8.00000,   5.29849
  7.00000,   5.00000,   5.29920
  4.00000,   8.00000,   5.29866
  6.00000,   6.00000,   5.29895
  5.00000,   7.00000,   5.29883
  3.00000,   9.00000,   5.29786
  4.00000,   8.00000,   5.29732
  10.00000,   2.00000,   5.29929
  8.00000,   4.00000,   5.30042
  6.00000,   6.00000,   5.30071
  2.00000,   10.00000,   5.29933
  6.00000,   6.00000,   5.29962
  4.00000,   8.00000,   5.29908
  4.00000,   8.00000,   5.29854
  6.00000,   6.00000,   5.29883
  4.00000,   8.00000,   5.29829
  8.00000,   4.00000,   5.29942
  4.00000,   8.00000,   5.29887
  3.00000,   9.00000,   5.29792
  8.00000,   4.00000,   5.29904
  3.00000,   9.00000,   5.29808
  4.00000,   8.00000,   5.29754
  4.00000,   8.00000,   5.29700
  8.00000,   4.00000,   5.29813
  4.00000,   8.00000,   5.29759
  4.00000,   8.00000,   5.29705
  10.00000,   2.00000,   5.29900
  5.00000,   7.00000,   5.29888
  5.00000,   7.00000,   5.29876
  6.00000,   6.00000,   5.29905
  4.00000,   8.00000,   5.29851
  7.00000,   5.00000,   5.29921
  8.00000,   4.00000,   5.30033
  8.00000,   4.00000,   5.30145
  6.00000,   6.00000,   5.30174
  8.00000,   4.00000,   5.30285
  5.00000,   7.00000,   5.30273
  6.00000,   6.00000,   5.30302
  3.00000,   9.00000,   5.30207
  2.00000,   10.00000,   5.30070
  6.00000,   6.00000,   5.30099
  4.00000,   8.00000,   5.30045
  3.00000,   9.00000,   5.29950
  8.00000,   4.00000,   5.30062
  6.00000,   6.00000,   5.30091
  2.00000,   10.00000,   5.29955
  2.00000,   10.00000,   5.29819
  5.00000,   7.00000,   5.29807
  3.00000,   9.00000,   5.29712
  3.00000,   9.00000,   5.29617
  6.00000,   6.00000,   5.29646
  2.00000,   10.00000,   5.29511
  8.00000,   4.00000,   5.29622
  4.00000,   8.00000,   5.29569
  2.00000,   10.00000,   5.29433
  6.00000,   6.00000,   5.29462
  4.00000,   8.00000,   5.29409
  2.00000,   10.00000,   5.29274
  4.00000,   8.00000,   5.29221
  2.00000,   10.00000,   5.29086
  4.00000,   8.00000,   5.29034
  6.00000,   6.00000,   5.29063
  6.00000,   6.00000,   5.29092
  6.00000,   6.00000,   5.29121
  2.00000,   10.00000,   5.28986
  3.00000,   9.00000,   5.28893
  6.00000,   6.00000,   5.28922
  6.00000,   6.00000,   5.28951
  5.00000,   7.00000,   5.28939
  4.00000,   8.00000,   5.28886
  4.00000,   8.00000,   5.28834
  6.00000,   6.00000,   5.28863
  5.00000,   7.00000,   5.28851
  5.00000,   7.00000,   5.28839
  6.00000,   6.00000,   5.28868
  4.00000,   8.00000,   5.28816
  4.00000,   8.00000,   5.28763
  6.00000,   6.00000,   5.28792
  4.00000,   8.00000,   5.28740
  4.00000,   8.00000,   5.28688
  6.00000,   6.00000,   5.28716
  4.00000,   8.00000,   5.28664
  6.00000,   6.00000,   5.28693
  4.00000,   8.00000,   5.28641
  6.00000,   6.00000,   5.28670
  4.00000,   8.00000,   5.28618
  5.00000,   7.00000,   5.28606
  6.00000,   6.00000,   5.28635
  6.00000,   6.00000,   5.28664
  6.00000,   6.00000,   5.28693
  4.00000,   8.00000,   5.28641
  4.00000,   8.00000,   5.28589
  4.00000,   8.00000,   5.28537
  2.00000,   10.00000,   5.28404
  4.00000,   8.00000,   5.28352
  4.00000,   8.00000,   5.28300
  6.00000,   6.00000,   5.28329
  6.00000,   6.00000,   5.28358
  6.00000,   6.00000,   5.28387
  3.00000,   9.00000,   5.28295
  10.00000,   2.00000,   5.28485
  5.00000,   7.00000,   5.28474
  4.00000,   8.00000,   5.28422
  4.00000,   8.00000,   5.28370
  2.00000,   10.00000,   5.28238
  6.00000,   6.00000,   5.28267
  4.00000,   8.00000,   5.28215
  6.00000,   6.00000,   5.28244
  4.00000,   8.00000,   5.28193
  2.00000,   10.00000,   5.28061
  5.00000,   7.00000,   5.28050
  4.00000,   8.00000,   5.27998
  2.00000,   10.00000,   5.27867
  2.00000,   10.00000,   5.27735
  8.00000,   4.00000,   5.27845
  4.00000,   8.00000,   5.27793
  6.00000,   6.00000,   5.27822
  4.00000,   8.00000,   5.27771
  6.00000,   6.00000,   5.27800
