  7.00000,   5.00000,   7.00000
  10.00000,   2.00000,   8.50000
  7.00000,   5.00000,   8.00000
  10.00000,   2.00000,   8.50000
  8.00000,   4.00000,   8.40000
  10.00000,   2.00000,   8.66667
  12.00000,   0.00000,   9.14286
  6.00000,   6.00000,   8.75000
  7.00000,   5.00000,   8.55556
  6.00000,   6.00000,   8.30000
  10.00000,   2.00000,   8.45455
  6.00000,   6.00000,   8.25000
  4.00000,   8.00000,   7.92308
  6.00000,   6.00000,   7.78571
  8.00000,   4.00000,   7.80000
  8.00000,   4.00000,   7.81250
  3.00000,   9.00000,   7.52941
  10.00000,   2.00000,   7.66667
  10.00000,   2.00000,   7.78947
  8.00000,   4.00000,   7.80000
  6.00000,   6.00000,   7.71429
  10.00000,   2.00000,   7.81818
  6.00000,   6.00000,   7.73913
  5.00000,   7.00000,   7.62500
  8.00000,   4.00000,   7.64000
  8.00000,   4.00000,   7.65385
  8.00000,   4.00000,   7.66667
  8.00000,   4.00000,   7.67857
  9.00000,   3.00000,   7.72414
  8.00000,   4.00000,   7.73333
  4.00000,   8.00000,   7.61290
  6.00000,   6.00000,   7.56250
  10.00000,   2.00000,   7.63636
  8.00000,   4.00000,   7.64706
  8.00000,   4.00000,   7.65714
  6.00000,   6.00000,   7.61111
  8.00000,   4.00000,   7.62162
  5.00000,   7.00000,   7.55263
  8.00000,   4.00000,   7.56410
  2.00000,   10.00000,   7.42500
  12.00000,   0.00000,   7.53659
  9.00000,   3.00000,   7.57143
  9.00000,   3.00000,   7.60465
  8.00000,   4.00000,   7.61364
  8.00000,   4.00000,   7.62222
  5.00000,   7.00000,   7.56522
  10.00000,   2.00000,   7.61702
  6.00000,   6.00000,   7.58333
  10.00000,   2.00000,   7.63265
  10.00000,   2.00000,   7.68000
  9.00000,   3.00000,   7.70588
  10.00000,   2.00000,   7.75000
  8.00000,   4.00000,   7.75472
  7.00000,   5.00000,   7.74074
  9.00000,   3.00000,   7.76364
  12.00000,   0.00000,   7.83929
  6.00000,   6.00000,   7.80702
  7.00000,   5.00000,   7.79310
  12.00000,   0.00000,   7.86441
  4.00000,   8.00000,   7.80000
  8.00000,   4.00000,   7.80328
  2.00000,   10.00000,   7.70968
  8.00000,   4.00000,   7.71429
  7.00000,   5.00000,   7.70312
  8.00000,   4.00000,   7.70769
  8.00000,   4.00000,   7.71212
  8.00000,   4.00000,   7.71642
  7.00000,   5.00000,   7.70588
  8.00000,   4.00000,   7.71014
  11.00000,   1.00000,   7.75714
  4.00000,   8.00000,   7.70423
  8.00000,   4.00000,   7.70833
  8.00000,   4.00000,   7.71233
  6.00000,   6.00000,   7.68919
  8.00000,   4.00000,   7.69333
  8.00000,   4.00000,   7.69737
  6.00000,   6.00000,   7.67532
  6.00000,   6.00000,   7.65385
  8.00000,   4.00000,   7.65823
  12.00000,   0.00000,   7.71250
  8.00000,   4.00000,   7.71605
  8.00000,   4.00000,   7.71951
  6.00000,   6.00000,   7.69880
  4.00000,   8.00000,   7.65476
  4.00000,   8.00000,   7.61176
  9.00000,   3.00000,   7.62791
  10.00000,   2.00000,   7.65517
  6.00000,   6.00000,   7.63636
  7.00000,   5.00000,   7.62921
  2.00000,   10.00000,   7.56667
  8.00000,   4.00000,   7.57143
  6.00000,   6.00000,   7.55435
  6.00000,   6.00000,   7.53763
  5.00000,   7.00000,   7.51064
  4.00000,   8.00000,   7.47368
  5.00000,   7.00000,   7.44792
  9.00000,   3.00000,   7.46392
  10.00000,   2.00000,   7.48980
  9.00000,   3.00000,   7.50505
  8.00000,   4.00000,   7.51000
  6.00000,   6.00000,   7.49505
  8.00000,   4.00000,   7.50000
  7.00000,   5.00000,   7.49515
  4.00000,   8.00000,   7.46154
  6.00000,   6.00000,   7.44762
  4.00000,   8.00000,   7.41509
  7.00000,   5.00000,   7.41121
  10.00000,   2.00000,   7.43519
  6.00000,   6.00000,   7.42202
  10.00000,   2.00000,   7.44545
  12.00000,   0.00000,   7.48649
  9.00000,   3.00000,   7.50000
  12.00000,   0.00000,   7.53982
  9.00000,   3.00000,   7.55263
  6.00000,   6.00000,   7.53913
  8.00000,   4.00000,   7.54310
  9.00000,   3.00000,   7.55556
  7.00000,   5.00000,   7.55085
  10.00000,   2.00000,   7.57143
  8.00000,   4.00000,   7.57500
  10.00000,   2.00000,   7.59504
  6.00000,   6.00000,   7.58197
  7.00000,   5.00000,   7.57724
  7.00000,   5.00000,   7.57258
  8.00000,   4.00000,   7.57600
  8.00000,   4.00000,   7.57937
  6.00000,   6.00000,   7.56693
  11.00000,   1.00000,   7.59375
  10.00000,   2.00000,   7.61240
  6.00000,   6.00000,   7.60000
  4.00000,   8.00000,   7.57252
  10.00000,   2.00000,   7.59091
  10.00000,   2.00000,   7.60902
  8.00000,   4.00000,   7.61194
  8.00000,   4.00000,   7.61481
  6.00000,   6.00000,   7.60294
  9.00000,   3.00000,   7.61314
  10.00000,   2.00000,   7.63043
  9.00000,   3.00000,   7.64029
  8.00000,   4.00000,   7.64286
  10.00000,   2.00000,   7.65957
  10.00000,   2.00000,   7.67606
  7.00000,   5.00000,   7.67133
  8.00000,   4.00000,   7.67361
  6.00000,   6.00000,   7.66207
  10.00000,   2.00000,   7.67808
  8.00000,   4.00000,   7.68027
  6.00000,   6.00000,   7.66892
  9.00000,   3.00000,   7.67785
  10.00000,   2.00000,   7.69333
  6.00000,   6.00000,   7.68212
  8.00000,   4.00000,   7.68421
  6.00000,   6.00000,   7.67320
  10.00000,   2.00000,   7.68831
  6.00000,   6.00000,   7.67742
  6.00000,   6.00000,   7.66667
  8.00000,   4.00000,   7.66879
  4.00000,   8.00000,   7.64557
  3.00000,   9.00000,   7.61635
  5.00000,   7.00000,   7.60000
  7.00000,   5.00000,   7.59627
  8.00000,   4.00000,   7.59877
  10.00000,   2.00000,   7.61350
  8.00000,   4.00000,   7.61585
  8.00000,   4.00000,   7.61818
  5.00000,   7.00000,   7.60241
  8.00000,   4.00000,   7.60479
  10.00000,   2.00000,   7.61905
  6.00000,   6.00000,   7.60947
  11.00000,   1.00000,   7.62941
  5.00000,   7.00000,   7.61404
  10.00000,   2.00000,   7.62791
  6.00000,   6.00000,   7.61850
  7.00000,   5.00000,   7.61494
  4.00000,   8.00000,   7.59429
  4.00000,   8.00000,   7.57386
  6.00000,   6.00000,   7.56497
  10.00000,   2.00000,   7.57865
  7.00000,   5.00000,   7.57542
  10.00000,   2.00000,   7.58889
  7.00000,   5.00000,   7.58564
  8.00000,   4.00000,   7.58791
  10.00000,   2.00000,   7.60109
  6.00000,   6.00000,   7.59239
  8.00000,   4.00000,   7.59459
  6.00000,   6.00000,   7.58602
  8.00000,   4.00000,   7.58824
  6.00000,   6.00000,   7.57979
  4.00000,   8.00000,   7.56085
  10.00000,   2.00000,   7.57368
  6.00000,   6.00000,   7.56545
  4.00000,   8.00000,   7.54688
  8.00000,   4.00000,   7.54922
  8.00000,   4.00000,   7.55155
  8.00000,   4.00000,   7.55385
  6.00000,   6.00000,   7.54592
  7.00000,   5.00000,   7.54315
  6.00000,   6.00000,   7.53535
  7.00000,   5.00000,   7.53266
  6.00000,   6.00000,   7.52500
  6.00000,   6.00000,   7.51741
  6.00000,   6.00000,   7.50990
  9.00000,   3.00000,   7.51724
  6.00000,   6.00000,   7.50980
  6.00000,   6.00000,   7.50244
  8.00000,   4.00000,   7.50485
  6.00000,   6.00000,   7.49758
  6.00000,   6.00000,   7.49038
  6.00000,   6.00000,   7.48325
  8.00000,   4.00000,   7.48571
  8.00000,   4.00000,   7.48815
  9.00000,   3.00000,   7.49528
  8.00000,   4.00000,   7.49765
  7.00000,   5.00000,   7.49533
  2.00000,   10.00000,   7.46977
  7.00000,   5.00000,   7.46759
  10.00000,   2.00000,   7.47926
  8.00000,   4.00000,   7.48165
  9.00000,   3.00000,   7.48858
  7.00000,   5.00000,   7.48636
  8.00000,   4.00000,   7.48869
  7.00000,   5.00000,   7.48649
  7.00000,   5.00000,   7.48430
  7.00000,   5.00000,   7.48214
  8.00000,   4.00000,   7.48444
  6.00000,   6.00000,   7.47788
  9.00000,   3.00000,   7.48458
  9.00000,   3.00000,   7.49123
  6.00000,   6.00000,   7.48472
  6.00000,   6.00000,   7.47826
  4.00000,   8.00000,   7.46320
  10.00000,   2.00000,   7.47414
  6.00000,   6.00000,   7.46781
  5.00000,   7.00000,   7.45726
  8.00000,   4.00000,   7.45957
  12.00000,   0.00000,   7.47881
  10.00000,   2.00000,   7.48945
  4.00000,   8.00000,   7.47479
  10.00000,   2.00000,   7.48536
  8.00000,   4.00000,   7.48750
  9.00000,   3.00000,   7.49378
  10.00000,   2.00000,   7.50413
  6.00000,   6.00000,   7.49794
  10.00000,   2.00000,   7.50820
  9.00000,   3.00000,   7.51429
  5.00000,   7.00000,   7.50407
  6.00000,   6.00000,   7.49798
  8.00000,   4.00000,   7.50000
  6.00000,   6.00000,   7.49398
  8.00000,   4.00000,   7.49600
  5.00000,   7.00000,   7.48606
  10.00000,   2.00000,   7.49603
  6.00000,   6.00000,   7.49012
  6.00000,   6.00000,   7.48425
  8.00000,   4.00000,   7.48627
  6.00000,   6.00000,   7.48047
  8.00000,   4.00000,   7.48249
  8.00000,   4.00000,   7.48450
  6.00000,   6.00000,   7.47876
  8.00000,   4.00000,   7.48077
  4.00000,   8.00000,   7.46743
  6.00000,   6.00000,   7.46183
  7.00000,   5.00000,   7.46008
  5.00000,   7.00000,   7.45076
  8.00000,   4.00000,   7.45283
  5.00000,   7.00000,   7.44361
  6.00000,   6.00000,   7.43820
  6.00000,   6.00000,   7.43284
  6.00000,   6.00000,   7.42751
  7.00000,   5.00000,   7.42593
  8.00000,   4.00000,   7.42804
  4.00000,   8.00000,   7.41544
  8.00000,   4.00000,   7.41758
  7.00000,   5.00000,   7.41606
  10.00000,   2.00000,   7.42545
  6.00000,   6.00000,   7.42029
  6.00000,   6.00000,   7.41516
  8.00000,   4.00000,   7.41727
  4.00000,   8.00000,   7.40502
  6.00000,   6.00000,   7.40000
  10.00000,   2.00000,   7.40925
  8.00000,   4.00000,   7.41135
  10.00000,   2.00000,   7.42049
  7.00000,   5.00000,   7.41901
  7.00000,   5.00000,   7.41754
  10.00000,   2.00000,   7.42657
  4.00000,   8.00000,   7.41463
  9.00000,   3.00000,   7.42014
  9.00000,   3.00000,   7.42561
  8.00000,   4.00000,   7.42759
  10.00000,   2.00000,   7.43643
  8.00000,   4.00000,   7.43836
  7.00000,   5.00000,   7.43686
  5.00000,   7.00000,   7.42857
  10.00000,   2.00000,   7.43729
  6.00000,   6.00000,   7.43243
  5.00000,   7.00000,   7.42424
  6.00000,   6.00000,   7.41946
  8.00000,   4.00000,   7.42140
  6.00000,   6.00000,   7.41667
  5.00000,   7.00000,   7.40864
  6.00000,   6.00000,   7.40397
  9.00000,   3.00000,   7.40924
  6.00000,   6.00000,   7.40461
  8.00000,   4.00000,   7.40656
  6.00000,   6.00000,   7.40196
  6.00000,   6.00000,   7.39739
  5.00000,   7.00000,   7.38961
  6.00000,   6.00000,   7.38511
  8.00000,   4.00000,   7.38710
  6.00000,   6.00000,   7.38264
  8.00000,   4.00000,   7.38462
  7.00000,   5.00000,   7.38339
  10.00000,   2.00000,   7.39172
  8.00000,   4.00000,   7.39365
  8.00000,   4.00000,   7.39557
  10.00000,   2.00000,   7.40379
  5.00000,   7.00000,   7.39623
  9.00000,   3.00000,   7.40125
  12.00000,   0.00000,   7.41563
  6.00000,   6.00000,   7.41121
  5.00000,   7.00000,   7.40373
  7.00000,   5.00000,   7.40248
  10.00000,   2.00000,   7.41049
  4.00000,   8.00000,   7.40000
  8.00000,   4.00000,   7.40184
  6.00000,   6.00000,   7.39755
  4.00000,   8.00000,   7.38720
  6.00000,   6.00000,   7.38298
  7.00000,   5.00000,   7.38182
  9.00000,   3.00000,   7.38671
  6.00000,   6.00000,   7.38253
  6.00000,   6.00000,   7.37838
  6.00000,   6.00000,   7.37425
  8.00000,   4.00000,   7.37612
  10.00000,   2.00000,   7.38393
  6.00000,   6.00000,   7.37982
  5.00000,   7.00000,   7.37278
  5.00000,   7.00000,   7.36578
  8.00000,   4.00000,   7.36765
  4.00000,   8.00000,   7.35777
  9.00000,   3.00000,   7.36257
  7.00000,   5.00000,   7.36152
  8.00000,   4.00000,   7.36337
  7.00000,   5.00000,   7.36232
  6.00000,   6.00000,   7.35838
  10.00000,   2.00000,   7.36599
  7.00000,   5.00000,   7.36494
  6.00000,   6.00000,   7.36103
  8.00000,   4.00000,   7.36286
  7.00000,   5.00000,   7.36182
  8.00000,   4.00000,   7.36364
  8.00000,   4.00000,   7.36544
  7.00000,   5.00000,   7.36441
  6.00000,   6.00000,   7.36056
  4.00000,   8.00000,   7.35112
  10.00000,   2.00000,   7.35854
  6.00000,   6.00000,   7.35475
  8.00000,   4.00000,   7.35655
  6.00000,   6.00000,   7.35278
  10.00000,   2.00000,   7.36011
  4.00000,   8.00000,   7.35083
  7.00000,   5.00000,   7.34986
  10.00000,   2.00000,   7.35714
  6.00000,   6.00000,   7.35342
  5.00000,   7.00000,   7.34699
  8.00000,   4.00000,   7.34877
  10.00000,   2.00000,   7.35598
  6.00000,   6.00000,   7.35230
  9.00000,   3.00000,   7.35676
  11.00000,   1.00000,   7.36658
  7.00000,   5.00000,   7.36559
  9.00000,   3.00000,   7.36997
  6.00000,   6.00000,   7.36631
  8.00000,   4.00000,   7.36800
  9.00000,   3.00000,   7.37234
  8.00000,   4.00000,   7.37401
  8.00000,   4.00000,   7.37566
  6.00000,   6.00000,   7.37203
  8.00000,   4.00000,   7.37368
  6.00000,   6.00000,   7.37008
  6.00000,   6.00000,   7.36649
  8.00000,   4.00000,   7.36815
  8.00000,   4.00000,   7.36979
  12.00000,   0.00000,   7.38182
  7.00000,   5.00000,   7.38083
  9.00000,   3.00000,   7.38501
  6.00000,   6.00000,   7.38144
  7.00000,   5.00000,   7.38046
  7.00000,   5.00000,   7.37949
  10.00000,   2.00000,   7.38619
  8.00000,   4.00000,   7.38776
  6.00000,   6.00000,   7.38422
  6.00000,   6.00000,   7.38071
  9.00000,   3.00000,   7.38481
  5.00000,   7.00000,   7.37879
  8.00000,   4.00000,   7.38035
  8.00000,   4.00000,   7.38191
  7.00000,   5.00000,   7.38095
  7.00000,   5.00000,   7.38000
  12.00000,   0.00000,   7.39152
  8.00000,   4.00000,   7.39303
  12.00000,   0.00000,   7.40447
  6.00000,   6.00000,   7.40099
  7.00000,   5.00000,   7.40000
  6.00000,   6.00000,   7.39655
  8.00000,   4.00000,   7.39803
  6.00000,   6.00000,   7.39461
  5.00000,   7.00000,   7.38875
  5.00000,   7.00000,   7.38293
  8.00000,   4.00000,   7.38443
  7.00000,   5.00000,   7.38350
  7.00000,   5.00000,   7.38257
  8.00000,   4.00000,   7.38406
  5.00000,   7.00000,   7.37831
  8.00000,   4.00000,   7.37981
  8.00000,   4.00000,   7.38129
  8.00000,   4.00000,   7.38278
  10.00000,   2.00000,   7.38902
  10.00000,   2.00000,   7.39524
  4.00000,   8.00000,   7.38717
  5.00000,   7.00000,   7.38152
  8.00000,   4.00000,   7.38298
  5.00000,   7.00000,   7.37736
  4.00000,   8.00000,   7.36941
  10.00000,   2.00000,   7.37559
  8.00000,   4.00000,   7.37705
  6.00000,   6.00000,   7.37383
  4.00000,   8.00000,   7.36597
  8.00000,   4.00000,   7.36744
  5.00000,   7.00000,   7.36195
  5.00000,   7.00000,   7.35648
  7.00000,   5.00000,   7.35566
  8.00000,   4.00000,   7.35714
  9.00000,   3.00000,   7.36092
  10.00000,   2.00000,   7.36697
  4.00000,   8.00000,   7.35927
  9.00000,   3.00000,   7.36301
  6.00000,   6.00000,   7.35991
  7.00000,   5.00000,   7.35909
  7.00000,   5.00000,   7.35828
  6.00000,   6.00000,   7.35520
  4.00000,   8.00000,   7.34763
  8.00000,   4.00000,   7.34910
  10.00000,   2.00000,   7.35506
  8.00000,   4.00000,   7.35650
  8.00000,   4.00000,   7.35794
  9.00000,   3.00000,   7.36161
  6.00000,   6.00000,   7.35857
  9.00000,   3.00000,   7.36222
  7.00000,   5.00000,   7.36142
  3.00000,   9.00000,   7.35177
  9.00000,   3.00000,   7.35541
  9.00000,   3.00000,   7.35903
  7.00000,   5.00000,   7.35824
  6.00000,   6.00000,   7.35526
  4.00000,   8.00000,   7.34792
  7.00000,   5.00000,   7.34716
  6.00000,   6.00000,   7.34423
  6.00000,   6.00000,   7.34130
  5.00000,   7.00000,   7.33623
  6.00000,   6.00000,   7.33333
  5.00000,   7.00000,   7.32829
  7.00000,   5.00000,   7.32759
  5.00000,   7.00000,   7.32258
  9.00000,   3.00000,   7.32618
  10.00000,   2.00000,   7.33191
  4.00000,   8.00000,   7.32479
  8.00000,   4.00000,   7.32623
  10.00000,   2.00000,   7.33191
  6.00000,   6.00000,   7.32909
  3.00000,   9.00000,   7.31992
  6.00000,   6.00000,   7.31712
  6.00000,   6.00000,   7.31435
  10.00000,   2.00000,   7.32000
  10.00000,   2.00000,   7.32563
  4.00000,   8.00000,   7.31866
  8.00000,   4.00000,   7.32008
  6.00000,   6.00000,   7.31733
  10.00000,   2.00000,   7.32292
  7.00000,   5.00000,   7.32225
  6.00000,   6.00000,   7.31950
  6.00000,   6.00000,   7.31677
  7.00000,   5.00000,   7.31612
  8.00000,   4.00000,   7.31753
  8.00000,   4.00000,   7.31893
  5.00000,   7.00000,   7.31417
  8.00000,   4.00000,   7.31557
  7.00000,   5.00000,   7.31493
  8.00000,   4.00000,   7.31633
  10.00000,   2.00000,   7.32179
  7.00000,   5.00000,   7.32114
  10.00000,   2.00000,   7.32657
  9.00000,   3.00000,   7.32996
  6.00000,   6.00000,   7.32727
  9.00000,   3.00000,   7.33065
  8.00000,   4.00000,   7.33199
  6.00000,   6.00000,   7.32932
  10.00000,   2.00000,   7.33467
  8.00000,   4.00000,   7.33600
  6.00000,   6.00000,   7.33333
  8.00000,   4.00000,   7.33466
  10.00000,   2.00000,   7.33996
  6.00000,   6.00000,   7.33730
  6.00000,   6.00000,   7.33465
  9.00000,   3.00000,   7.33794
  5.00000,   7.00000,   7.33333
  10.00000,   2.00000,   7.33858
  9.00000,   3.00000,   7.34185
  7.00000,   5.00000,   7.34118
  6.00000,   6.00000,   7.33855
  3.00000,   9.00000,   7.33008
  6.00000,   6.00000,   7.32749
  5.00000,   7.00000,   7.32296
  10.00000,   2.00000,   7.32816
  6.00000,   6.00000,   7.32558
  8.00000,   4.00000,   7.32689
  6.00000,   6.00000,   7.32432
  8.00000,   4.00000,   7.32563
  6.00000,   6.00000,   7.32308
  6.00000,   6.00000,   7.32054
  8.00000,   4.00000,   7.32184
  9.00000,   3.00000,   7.32505
  6.00000,   6.00000,   7.32252
  8.00000,   4.00000,   7.32381
  5.00000,   7.00000,   7.31939
  5.00000,   7.00000,   7.31499
  6.00000,   6.00000,   7.31250
  5.00000,   7.00000,   7.30813
  8.00000,   4.00000,   7.30943
  10.00000,   2.00000,   7.31450
  6.00000,   6.00000,   7.31203
  6.00000,   6.00000,   7.30957
  8.00000,   4.00000,   7.31086
  8.00000,   4.00000,   7.31215
  6.00000,   6.00000,   7.30970
  4.00000,   8.00000,   7.30354
  8.00000,   4.00000,   7.30483
  3.00000,   9.00000,   7.29685
  8.00000,   4.00000,   7.29815
  6.00000,   6.00000,   7.29575
  6.00000,   6.00000,   7.29336
  8.00000,   4.00000,   7.29466
  6.00000,   6.00000,   7.29228
  8.00000,   4.00000,   7.29358
  3.00000,   9.00000,   7.28571
  6.00000,   6.00000,   7.28336
  5.00000,   7.00000,   7.27920
  10.00000,   2.00000,   7.28415
  7.00000,   5.00000,   7.28364
  11.00000,   1.00000,   7.29038
  8.00000,   4.00000,   7.29167
  9.00000,   3.00000,   7.29476
  7.00000,   5.00000,   7.29422
  10.00000,   2.00000,   7.29910
  11.00000,   1.00000,   7.30576
  10.00000,   2.00000,   7.31059
  8.00000,   4.00000,   7.31183
  8.00000,   4.00000,   7.31306
  11.00000,   1.00000,   7.31964
  4.00000,   8.00000,   7.31373
  9.00000,   3.00000,   7.31673
  5.00000,   7.00000,   7.31261
  7.00000,   5.00000,   7.31206
  7.00000,   5.00000,   7.31150
  8.00000,   4.00000,   7.31272
  9.00000,   3.00000,   7.31570
  6.00000,   6.00000,   7.31338
  7.00000,   5.00000,   7.31283
  7.00000,   5.00000,   7.31228
  12.00000,   0.00000,   7.32049
  6.00000,   6.00000,   7.31818
  10.00000,   2.00000,   7.32286
  6.00000,   6.00000,   7.32056
  10.00000,   2.00000,   7.32522
  9.00000,   3.00000,   7.32812
  6.00000,   6.00000,   7.32582
  9.00000,   3.00000,   7.32872
  6.00000,   6.00000,   7.32642
  10.00000,   2.00000,   7.33103
  7.00000,   5.00000,   7.33046
  7.00000,   5.00000,   7.32990
  8.00000,   4.00000,   7.33105
  10.00000,   2.00000,   7.33562
  8.00000,   4.00000,   7.33675
  10.00000,   2.00000,   7.34130
  9.00000,   3.00000,   7.34412
  7.00000,   5.00000,   7.34354
  6.00000,   6.00000,   7.34126
  7.00000,   5.00000,   7.34068
  3.00000,   9.00000,   7.33333
  4.00000,   8.00000,   7.32770
  10.00000,   2.00000,   7.33221
  9.00000,   3.00000,   7.33502
  6.00000,   6.00000,   7.33277
  8.00000,   4.00000,   7.33389
  12.00000,   0.00000,   7.34171
  8.00000,   4.00000,   7.34281
  10.00000,   2.00000,   7.34725
  5.00000,   7.00000,   7.34333
  6.00000,   6.00000,   7.34110
  6.00000,   6.00000,   7.33887
  5.00000,   7.00000,   7.33499
  6.00000,   6.00000,   7.33278
  8.00000,   4.00000,   7.33388
  8.00000,   4.00000,   7.33498
  8.00000,   4.00000,   7.33608
  10.00000,   2.00000,   7.34046
  5.00000,   7.00000,   7.33662
  11.00000,   1.00000,   7.34262
  4.00000,   8.00000,   7.33715
  9.00000,   3.00000,   7.33987
  6.00000,   6.00000,   7.33768
  6.00000,   6.00000,   7.33550
  12.00000,   0.00000,   7.34309
  6.00000,   6.00000,   7.34091
  8.00000,   4.00000,   7.34198
  5.00000,   7.00000,   7.33819
  9.00000,   3.00000,   7.34087
  6.00000,   6.00000,   7.33871
  6.00000,   6.00000,   7.33655
  7.00000,   5.00000,   7.33601
  5.00000,   7.00000,   7.33226
  7.00000,   5.00000,   7.33173
  9.00000,   3.00000,   7.33440
  9.00000,   3.00000,   7.33706
  9.00000,   3.00000,   7.33971
  8.00000,   4.00000,   7.34076
  5.00000,   7.00000,   7.33704
  8.00000,   4.00000,   7.33810
  7.00000,   5.00000,   7.33756
  7.00000,   5.00000,   7.33703
  8.00000,   4.00000,   7.33807
  11.00000,   1.00000,   7.34385
  6.00000,   6.00000,   7.34173
  6.00000,   6.00000,   7.33962
  12.00000,   0.00000,   7.34694
  10.00000,   2.00000,   7.35110
  6.00000,   6.00000,   7.34898
  7.00000,   5.00000,   7.34844
  5.00000,   7.00000,   7.34477
  3.00000,   9.00000,   7.33801
  6.00000,   6.00000,   7.33593
  8.00000,   4.00000,   7.33696
  4.00000,   8.00000,   7.33178
  8.00000,   4.00000,   7.33282
  6.00000,   6.00000,   7.33076
  6.00000,   6.00000,   7.32870
  5.00000,   7.00000,   7.32512
  8.00000,   4.00000,   7.32615
  7.00000,   5.00000,   7.32565
  8.00000,   4.00000,   7.32669
  10.00000,   2.00000,   7.33078
  5.00000,   7.00000,   7.32722
  4.00000,   8.00000,   7.32214
  4.00000,   8.00000,   7.31707
  6.00000,   6.00000,   7.31507
  4.00000,   8.00000,   7.31003
  10.00000,   2.00000,   7.31411
  2.00000,   10.00000,   7.30606
  8.00000,   4.00000,   7.30711
  4.00000,   8.00000,   7.30211
  6.00000,   6.00000,   7.30015
  7.00000,   5.00000,   7.29970
  5.00000,   7.00000,   7.29624
  8.00000,   4.00000,   7.29730
  6.00000,   6.00000,   7.29535
  8.00000,   4.00000,   7.29641
  8.00000,   4.00000,   7.29746
  7.00000,   5.00000,   7.29701
  8.00000,   4.00000,   7.29806
  8.00000,   4.00000,   7.29911
  8.00000,   4.00000,   7.30015
  8.00000,   4.00000,   7.30119
  6.00000,   6.00000,   7.29926
  8.00000,   4.00000,   7.30030
  9.00000,   3.00000,   7.30281
  8.00000,   4.00000,   7.30383
  10.00000,   2.00000,   7.30781
  5.00000,   7.00000,   7.30441
  6.00000,   6.00000,   7.30250
  6.00000,   6.00000,   7.30059
  9.00000,   3.00000,   7.30307
  5.00000,   7.00000,   7.29971
  10.00000,   2.00000,   7.30365
  10.00000,   2.00000,   7.30758
  5.00000,   7.00000,   7.30422
  8.00000,   4.00000,   7.30523
  6.00000,   6.00000,   7.30334
  2.00000,   10.00000,   7.29565
  11.00000,   1.00000,   7.30101
  6.00000,   6.00000,   7.29913
  8.00000,   4.00000,   7.30014
  8.00000,   4.00000,   7.30115
  6.00000,   6.00000,   7.29928
  4.00000,   8.00000,   7.29454
  7.00000,   5.00000,   7.29412
  4.00000,   8.00000,   7.28940
  5.00000,   7.00000,   7.28612
  4.00000,   8.00000,   7.28143
  9.00000,   3.00000,   7.28388
  6.00000,   6.00000,   7.28205
  8.00000,   4.00000,   7.28307
  8.00000,   4.00000,   7.28409
  7.00000,   5.00000,   7.28369
  4.00000,   8.00000,   7.27904
  5.00000,   7.00000,   7.27581
  6.00000,   6.00000,   7.27401
  3.00000,   9.00000,   7.26798
  7.00000,   5.00000,   7.26761
  8.00000,   4.00000,   7.26864
  9.00000,   3.00000,   7.27107
  10.00000,   2.00000,   7.27489
  6.00000,   6.00000,   7.27311
  8.00000,   4.00000,   7.27413
  7.00000,   5.00000,   7.27374
  9.00000,   3.00000,   7.27615
  6.00000,   6.00000,   7.27437
  6.00000,   6.00000,   7.27260
  8.00000,   4.00000,   7.27361
  6.00000,   6.00000,   7.27184
  8.00000,   4.00000,   7.27285
  6.00000,   6.00000,   7.27109
  9.00000,   3.00000,   7.27348
  7.00000,   5.00000,   7.27310
  5.00000,   7.00000,   7.26997
  6.00000,   6.00000,   7.26823
  6.00000,   6.00000,   7.26648
  4.00000,   8.00000,   7.26200
  8.00000,   4.00000,   7.26301
  6.00000,   6.00000,   7.26129
  10.00000,   2.00000,   7.26503
  6.00000,   6.00000,   7.26330
  7.00000,   5.00000,   7.26294
  5.00000,   7.00000,   7.25986
  8.00000,   4.00000,   7.26087
  8.00000,   4.00000,   7.26187
  10.00000,   2.00000,   7.26558
  8.00000,   4.00000,   7.26658
  7.00000,   5.00000,   7.26622
  9.00000,   3.00000,   7.26856
  9.00000,   3.00000,   7.27089
  4.00000,   8.00000,   7.26649
  8.00000,   4.00000,   7.26747
  8.00000,   4.00000,   7.26846
  4.00000,   8.00000,   7.26408
  4.00000,   8.00000,   7.25971
  7.00000,   5.00000,   7.25936
  2.00000,   10.00000,   7.25234
  8.00000,   4.00000,   7.25333
  9.00000,   3.00000,   7.25566
  4.00000,   8.00000,   7.25133
  11.00000,   1.00000,   7.25631
  7.00000,   5.00000,   7.25597
  9.00000,   3.00000,   7.25828
  10.00000,   2.00000,   7.26190
  7.00000,   5.00000,   7.26156
  6.00000,   6.00000,   7.25989
  6.00000,   6.00000,   7.25823
  7.00000,   5.00000,   7.25789
  5.00000,   7.00000,   7.25493
  8.00000,   4.00000,   7.25591
  6.00000,   6.00000,   7.25426
  8.00000,   4.00000,   7.25524
  6.00000,   6.00000,   7.25359
  10.00000,   2.00000,   7.25718
  9.00000,   3.00000,   7.25945
  7.00000,   5.00000,   7.25911
  6.00000,   6.00000,   7.25748
  4.00000,   8.00000,   7.25325
  6.00000,   6.00000,   7.25162
  9.00000,   3.00000,   7.25389
  9.00000,   3.00000,   7.25614
  6.00000,   6.00000,   7.25452
  4.00000,   8.00000,   7.25032
  6.00000,   6.00000,   7.24871
  5.00000,   7.00000,   7.24582
  9.00000,   3.00000,   7.24807
  7.00000,   5.00000,   7.24775
  8.00000,   4.00000,   7.24872
  7.00000,   5.00000,   7.24840
  9.00000,   3.00000,   7.25064
  5.00000,   7.00000,   7.24777
  6.00000,   6.00000,   7.24617
  4.00000,   8.00000,   7.24204
  8.00000,   4.00000,   7.24300
  5.00000,   7.00000,   7.24015
  4.00000,   8.00000,   7.23604
  6.00000,   6.00000,   7.23447
  7.00000,   5.00000,   7.23418
  6.00000,   6.00000,   7.23262
  6.00000,   6.00000,   7.23106
  5.00000,   7.00000,   7.22825
  8.00000,   4.00000,   7.22922
  8.00000,   4.00000,   7.23019
  1.00000,   11.00000,   7.22236
  10.00000,   2.00000,   7.22585
  6.00000,   6.00000,   7.22431
  7.00000,   5.00000,   7.22403
  9.00000,   3.00000,   7.22625
  8.00000,   4.00000,   7.22722
  8.00000,   4.00000,   7.22818
  4.00000,   8.00000,   7.22416
  7.00000,   5.00000,   7.22388
  4.00000,   8.00000,   7.21988
  7.00000,   5.00000,   7.21960
  8.00000,   4.00000,   7.22057
  8.00000,   4.00000,   7.22153
  5.00000,   7.00000,   7.21879
  6.00000,   6.00000,   7.21728
  8.00000,   4.00000,   7.21825
  3.00000,   9.00000,   7.21305
  6.00000,   6.00000,   7.21156
  5.00000,   7.00000,   7.20885
  8.00000,   4.00000,   7.20982
  5.00000,   7.00000,   7.20711
  9.00000,   3.00000,   7.20930
  6.00000,   6.00000,   7.20782
  8.00000,   4.00000,   7.20879
  9.00000,   3.00000,   7.21098
  9.00000,   3.00000,   7.21315
  5.00000,   7.00000,   7.21046
  8.00000,   4.00000,   7.21142
  6.00000,   6.00000,   7.20995
  9.00000,   3.00000,   7.21212
  8.00000,   4.00000,   7.21308
  8.00000,   4.00000,   7.21403
  6.00000,   6.00000,   7.21256
  8.00000,   4.00000,   7.21351
  7.00000,   5.00000,   7.21325
  6.00000,   6.00000,   7.21179
  4.00000,   8.00000,   7.20793
  7.00000,   5.00000,   7.20768
  6.00000,   6.00000,   7.20624
  6.00000,   6.00000,   7.20479
  7.00000,   5.00000,   7.20455
  3.00000,   9.00000,   7.19952
  8.00000,   4.00000,   7.20048
  8.00000,   4.00000,   7.20143
  4.00000,   8.00000,   7.19762
  6.00000,   6.00000,   7.19620
  5.00000,   7.00000,   7.19359
  8.00000,   4.00000,   7.19454
  4.00000,   8.00000,   7.19076
  7.00000,   5.00000,   7.19053
  3.00000,   9.00000,   7.18558
  7.00000,   5.00000,   7.18536
  6.00000,   6.00000,   7.18396
  8.00000,   4.00000,   7.18492
  3.00000,   9.00000,   7.18000
  6.00000,   6.00000,   7.17861
  9.00000,   3.00000,   7.18075
  7.00000,   5.00000,   7.18054
  9.00000,   3.00000,   7.18267
  7.00000,   5.00000,   7.18246
  6.00000,   6.00000,   7.18107
  4.00000,   8.00000,   7.17736
  6.00000,   6.00000,   7.17599
  6.00000,   6.00000,   7.17462
  7.00000,   5.00000,   7.17442
  8.00000,   4.00000,   7.17538
  8.00000,   4.00000,   7.17633
  8.00000,   4.00000,   7.17729
  6.00000,   6.00000,   7.17593
  8.00000,   4.00000,   7.17688
  7.00000,   5.00000,   7.17667
  3.00000,   9.00000,   7.17186
  8.00000,   4.00000,   7.17281
  6.00000,   6.00000,   7.17146
  7.00000,   5.00000,   7.17126
  4.00000,   8.00000,   7.16762
  4.00000,   8.00000,   7.16399
  8.00000,   4.00000,   7.16495
  5.00000,   7.00000,   7.16247
  2.00000,   10.00000,   7.15657
  5.00000,   7.00000,   7.15411
  6.00000,   6.00000,   7.15279
  9.00000,   3.00000,   7.15490
  7.00000,   5.00000,   7.15472
  6.00000,   6.00000,   7.15341
  9.00000,   3.00000,   7.15551
  9.00000,   3.00000,   7.15760
  9.00000,   3.00000,   7.15968
  9.00000,   3.00000,   7.16176
  7.00000,   5.00000,   7.16158
  9.00000,   3.00000,   7.16366
  5.00000,   7.00000,   7.16122
  7.00000,   5.00000,   7.16104
  6.00000,   6.00000,   7.15973
  4.00000,   8.00000,   7.15618
  10.00000,   2.00000,   7.15937
  8.00000,   4.00000,   7.16031
  4.00000,   8.00000,   7.15677
  7.00000,   5.00000,   7.15660
  8.00000,   4.00000,   7.15754
  6.00000,   6.00000,   7.15625
  6.00000,   6.00000,   7.15496
  5.00000,   7.00000,   7.15256
  9.00000,   3.00000,   7.15462
  4.00000,   8.00000,   7.15111
  9.00000,   3.00000,   7.15316
  9.00000,   3.00000,   7.15521
  8.00000,   4.00000,   7.15615
  4.00000,   8.00000,   7.15265
  8.00000,   4.00000,   7.15359
  8.00000,   4.00000,   7.15453
  4.00000,   8.00000,   7.15105
  8.00000,   4.00000,   7.15198
  7.00000,   5.00000,   7.15182
  8.00000,   4.00000,   7.15275
  7.00000,   5.00000,   7.15258
  7.00000,   5.00000,   7.15241
  4.00000,   8.00000,   7.14896
  8.00000,   4.00000,   7.14989
  7.00000,   5.00000,   7.14973
  4.00000,   8.00000,   7.14629
  3.00000,   9.00000,   7.14177
  4.00000,   8.00000,   7.13834
  5.00000,   7.00000,   7.13602
  8.00000,   4.00000,   7.13696
  10.00000,   2.00000,   7.14007
  9.00000,   3.00000,   7.14208
  3.00000,   9.00000,   7.13759
  7.00000,   5.00000,   7.13745
  6.00000,   6.00000,   7.13622
  6.00000,   6.00000,   7.13499
  6.00000,   6.00000,   7.13376
  9.00000,   3.00000,   7.13578
  10.00000,   2.00000,   7.13886
  12.00000,   0.00000,   7.14409
  6.00000,   6.00000,   7.14286
  5.00000,   7.00000,   7.14056
  6.00000,   6.00000,   7.13934
  6.00000,   6.00000,   7.13812
  6.00000,   6.00000,   7.13690
  7.00000,   5.00000,   7.13675
  8.00000,   4.00000,   7.13767
  10.00000,   2.00000,   7.14072
  6.00000,   6.00000,   7.13951
  9.00000,   3.00000,   7.14149
  8.00000,   4.00000,   7.14240
  8.00000,   4.00000,   7.14331
  8.00000,   4.00000,   7.14422
  11.00000,   1.00000,   7.14831
  7.00000,   5.00000,   7.14815
  6.00000,   6.00000,   7.14693
  8.00000,   4.00000,   7.14784
  6.00000,   6.00000,   7.14662
  6.00000,   6.00000,   7.14542
  5.00000,   7.00000,   7.14316
  5.00000,   7.00000,   7.14090
  8.00000,   4.00000,   7.14181
  10.00000,   2.00000,   7.14481
  5.00000,   7.00000,   7.14256
  6.00000,   6.00000,   7.14136
  4.00000,   8.00000,   7.13808
  8.00000,   4.00000,   7.13898
  8.00000,   4.00000,   7.13987
  8.00000,   4.00000,   7.14077
  4.00000,   8.00000,   7.13750
  10.00000,   2.00000,   7.14048
  8.00000,   4.00000,   7.14137
  4.00000,   8.00000,   7.13811
  4.00000,   8.00000,   7.13485
  9.00000,   3.00000,   7.13679
  8.00000,   4.00000,   7.13768
  9.00000,   3.00000,   7.13961
  4.00000,   8.00000,   7.13636
  3.00000,   9.00000,   7.13209
  8.00000,   4.00000,   7.13299
  5.00000,   7.00000,   7.13079
  9.00000,   3.00000,   7.13272
  2.00000,   10.00000,   7.12744
  6.00000,   6.00000,   7.12628
  5.00000,   7.00000,   7.12410
  6.00000,   6.00000,   7.12295
  8.00000,   4.00000,   7.12385
  6.00000,   6.00000,   7.12270
  8.00000,   4.00000,   7.12360
  8.00000,   4.00000,   7.12449
  7.00000,   5.00000,   7.12436
  5.00000,   7.00000,   7.12220
  8.00000,   4.00000,   7.12309
  6.00000,   6.00000,   7.12195
  5.00000,   7.00000,   7.11980
  6.00000,   6.00000,   7.11866
  6.00000,   6.00000,   7.11753
  5.00000,   7.00000,   7.11538
  6.00000,   6.00000,   7.11426
  4.00000,   8.00000,   7.11111
  5.00000,   7.00000,   7.10898
  10.00000,   2.00000,   7.11190
  8.00000,   4.00000,   7.11279
  6.00000,   6.00000,   7.11167
  6.00000,   6.00000,   7.11055
  8.00000,   4.00000,   7.11145
  8.00000,   4.00000,   7.11234
  5.00000,   7.00000,   7.11022
  5.00000,   7.00000,   7.10811
  8.00000,   4.00000,   7.10900
  5.00000,   7.00000,   7.10689
  8.00000,   4.00000,   7.10778
  7.00000,   5.00000,   7.10768
  3.00000,   9.00000,   7.10359
  6.00000,   6.00000,   7.10249
  6.00000,   6.00000,   7.10139
  10.00000,   2.00000,   7.10427
  4.00000,   8.00000,   7.10119
  6.00000,   6.00000,   7.10010
  8.00000,   4.00000,   7.10099
  8.00000,   4.00000,   7.10188
  4.00000,   8.00000,   7.09881
  6.00000,   6.00000,   7.09773
  5.00000,   7.00000,   7.09566
  3.00000,   9.00000,   7.09163
  5.00000,   7.00000,   7.08957
  6.00000,   6.00000,   7.08850
  8.00000,   4.00000,   7.08939
  6.00000,   6.00000,   7.08832
  4.00000,   8.00000,   7.08529
  8.00000,   4.00000,   7.08619
  8.00000,   4.00000,   7.08708
  5.00000,   7.00000,   7.08504
  7.00000,   5.00000,   7.08496
  6.00000,   6.00000,   7.08390
  5.00000,   7.00000,   7.08187
  8.00000,   4.00000,   7.08277
  7.00000,   5.00000,   7.08268
  7.00000,   5.00000,   7.08260
  8.00000,   4.00000,   7.08350
  6.00000,   6.00000,   7.08244
  9.00000,   3.00000,   7.08430
  7.00000,   5.00000,   7.08422
  7.00000,   5.00000,   7.08414
  10.00000,   2.00000,   7.08696
  6.00000,   6.00000,   7.08591
  6.00000,   6.00000,   7.08486
  6.00000,   6.00000,   7.08382
  8.00000,   4.00000,   7.08470
  4.00000,   8.00000,   7.08173
  4.00000,   8.00000,   7.07877
  8.00000,   4.00000,   7.07965
  5.00000,   7.00000,   7.07766
  5.00000,   7.00000,   7.07567
  7.00000,   5.00000,   7.07560
  6.00000,   6.00000,   7.07457
  6.00000,   6.00000,   7.07354
  6.00000,   6.00000,   7.07252
  6.00000,   6.00000,   7.07150
  6.00000,   6.00000,   7.07048
  7.00000,   5.00000,   7.07041
  8.00000,   4.00000,   7.07129
  7.00000,   5.00000,   7.07123
  8.00000,   4.00000,   7.07211
  4.00000,   8.00000,   7.06919
  5.00000,   7.00000,   7.06723
  5.00000,   7.00000,   7.06528
  6.00000,   6.00000,   7.06427
  6.00000,   6.00000,   7.06327
  10.00000,   2.00000,   7.06604
  9.00000,   3.00000,   7.06786
  9.00000,   3.00000,   7.06968
  4.00000,   8.00000,   7.06679
  8.00000,   4.00000,   7.06767
  9.00000,   3.00000,   7.06948
  6.00000,   6.00000,   7.06848
  8.00000,   4.00000,   7.06935
  9.00000,   3.00000,   7.07116
  8.00000,   4.00000,   7.07203
  8.00000,   4.00000,   7.07290
  4.00000,   8.00000,   7.07003
  6.00000,   6.00000,   7.06903
  5.00000,   7.00000,   7.06710
  9.00000,   3.00000,   7.06890
  8.00000,   4.00000,   7.06977
  8.00000,   4.00000,   7.07063
  9.00000,   3.00000,   7.07242
  7.00000,   5.00000,   7.07236
  8.00000,   4.00000,   7.07322
  10.00000,   2.00000,   7.07593
  8.00000,   4.00000,   7.07678
  7.00000,   5.00000,   7.07671
  7.00000,   5.00000,   7.07664
  7.00000,   5.00000,   7.07657
  5.00000,   7.00000,   7.07465
  6.00000,   6.00000,   7.07366
  9.00000,   3.00000,   7.07544
  3.00000,   9.00000,   7.07169
  6.00000,   6.00000,   7.07071
  6.00000,   6.00000,   7.06972
  8.00000,   4.00000,   7.07058
  6.00000,   6.00000,   7.06960
  3.00000,   9.00000,   7.06587
  8.00000,   4.00000,   7.06673
  8.00000,   4.00000,   7.06758
  8.00000,   4.00000,   7.06843
  8.00000,   4.00000,   7.06928
  6.00000,   6.00000,   7.06831
  7.00000,   5.00000,   7.06824
  8.00000,   4.00000,   7.06909
  7.00000,   5.00000,   7.06903
  4.00000,   8.00000,   7.06624
  8.00000,   4.00000,   7.06709
  7.00000,   5.00000,   7.06703
  10.00000,   2.00000,   7.06968
  10.00000,   2.00000,   7.07233
  8.00000,   4.00000,   7.07317
  9.00000,   3.00000,   7.07491
  7.00000,   5.00000,   7.07484
  4.00000,   8.00000,   7.07207
  6.00000,   6.00000,   7.07111
  6.00000,   6.00000,   7.07014
  7.00000,   5.00000,   7.07008
  8.00000,   4.00000,   7.07092
  8.00000,   4.00000,   7.07175
  6.00000,   6.00000,   7.07079
  5.00000,   7.00000,   7.06893
  6.00000,   6.00000,   7.06798
  4.00000,   8.00000,   7.06524
  5.00000,   7.00000,   7.06339
  4.00000,   8.00000,   7.06066
  8.00000,   4.00000,   7.06150
  6.00000,   6.00000,   7.06055
  9.00000,   3.00000,   7.06228
  6.00000,   6.00000,   7.06133
  5.00000,   7.00000,   7.05950
  5.00000,   7.00000,   7.05768
  7.00000,   5.00000,   7.05762
  8.00000,   4.00000,   7.05846
  10.00000,   2.00000,   7.06106
  6.00000,   6.00000,   7.06012
  5.00000,   7.00000,   7.05830
  6.00000,   6.00000,   7.05737
  8.00000,   4.00000,   7.05820
  8.00000,   4.00000,   7.05903
  7.00000,   5.00000,   7.05898
  4.00000,   8.00000,   7.05629
  8.00000,   4.00000,   7.05712
  12.00000,   0.00000,   7.06146
  4.00000,   8.00000,   7.05877
  11.00000,   1.00000,   7.06223
  5.00000,   7.00000,   7.06042
  6.00000,   6.00000,   7.05949
  6.00000,   6.00000,   7.05857
  7.00000,   5.00000,   7.05852
  7.00000,   5.00000,   7.05846
  5.00000,   7.00000,   7.05667
  6.00000,   6.00000,   7.05575
  8.00000,   4.00000,   7.05657
  9.00000,   3.00000,   7.05826
  5.00000,   7.00000,   7.05647
  6.00000,   6.00000,   7.05556
  10.00000,   2.00000,   7.05811
  7.00000,   5.00000,   7.05806
  6.00000,   6.00000,   7.05714
  6.00000,   6.00000,   7.05623
  6.00000,   6.00000,   7.05532
  5.00000,   7.00000,   7.05354
  6.00000,   6.00000,   7.05263
  6.00000,   6.00000,   7.05172
  5.00000,   7.00000,   7.04996
  9.00000,   3.00000,   7.05164
  7.00000,   5.00000,   7.05159
  8.00000,   4.00000,   7.05241
  3.00000,   9.00000,   7.04893
  8.00000,   4.00000,   7.04974
  6.00000,   6.00000,   7.04884
  8.00000,   4.00000,   7.04966
  7.00000,   5.00000,   7.04962
  4.00000,   8.00000,   7.04701
  5.00000,   7.00000,   7.04526
  6.00000,   6.00000,   7.04437
  7.00000,   5.00000,   7.04433
  8.00000,   4.00000,   7.04514
  6.00000,   6.00000,   7.04426
  6.00000,   6.00000,   7.04337
  6.00000,   6.00000,   7.04248
  3.00000,   9.00000,   7.03905
  5.00000,   7.00000,   7.03732
  5.00000,   7.00000,   7.03559
  8.00000,   4.00000,   7.03641
  6.00000,   6.00000,   7.03553
  7.00000,   5.00000,   7.03550
  4.00000,   8.00000,   7.03294
  8.00000,   4.00000,   7.03376
  3.00000,   9.00000,   7.03035
  7.00000,   5.00000,   7.03033
  9.00000,   3.00000,   7.03199
  5.00000,   7.00000,   7.03028
  2.00000,   10.00000,   7.02605
  9.00000,   3.00000,   7.02771
  5.00000,   7.00000,   7.02601
  10.00000,   2.00000,   7.02850
  4.00000,   8.00000,   7.02596
  6.00000,   6.00000,   7.02510
  10.00000,   2.00000,   7.02759
  7.00000,   5.00000,   7.02757
  9.00000,   3.00000,   7.02922
  6.00000,   6.00000,   7.02836
  11.00000,   1.00000,   7.03167
  7.00000,   5.00000,   7.03164
  10.00000,   2.00000,   7.03411
  6.00000,   6.00000,   7.03325
  6.00000,   6.00000,   7.03239
  6.00000,   6.00000,   7.03154
  6.00000,   6.00000,   7.03068
  5.00000,   7.00000,   7.02900
  8.00000,   4.00000,   7.02980
  6.00000,   6.00000,   7.02895
  4.00000,   8.00000,   7.02645
  8.00000,   4.00000,   7.02725
  10.00000,   2.00000,   7.02970
  4.00000,   8.00000,   7.02721
  7.00000,   5.00000,   7.02718
  9.00000,   3.00000,   7.02881
  7.00000,   5.00000,   7.02878
  6.00000,   6.00000,   7.02794
  3.00000,   9.00000,   7.02463
  9.00000,   3.00000,   7.02625
  5.00000,   7.00000,   7.02459
  5.00000,   7.00000,   7.02293
  6.00000,   6.00000,   7.02209
  4.00000,   8.00000,   7.01962
  8.00000,   4.00000,   7.02042
  8.00000,   4.00000,   7.02122
  8.00000,   4.00000,   7.02202
  4.00000,   8.00000,   7.01956
  7.00000,   5.00000,   7.01954
  5.00000,   7.00000,   7.01790
  10.00000,   2.00000,   7.02033
  4.00000,   8.00000,   7.01787
  4.00000,   8.00000,   7.01542
  5.00000,   7.00000,   7.01379
  6.00000,   6.00000,   7.01297
  8.00000,   4.00000,   7.01377
  6.00000,   6.00000,   7.01294
  6.00000,   6.00000,   7.01213
  4.00000,   8.00000,   7.00969
  4.00000,   8.00000,   7.00726
  5.00000,   7.00000,   7.00565
  10.00000,   2.00000,   7.00806
  9.00000,   3.00000,   7.00966
  7.00000,   5.00000,   7.00965
  8.00000,   4.00000,   7.01045
  6.00000,   6.00000,   7.00964
  8.00000,   4.00000,   7.01043
  7.00000,   5.00000,   7.01043
  6.00000,   6.00000,   7.00962
  6.00000,   6.00000,   7.00881
  9.00000,   3.00000,   7.01040
  7.00000,   5.00000,   7.01039
  10.00000,   2.00000,   7.01278
  8.00000,   4.00000,   7.01357
  7.00000,   5.00000,   7.01356
  10.00000,   2.00000,   7.01594
  10.00000,   2.00000,   7.01831
  8.00000,   4.00000,   7.01909
  6.00000,   6.00000,   7.01828
  6.00000,   6.00000,   7.01747
  6.00000,   6.00000,   7.01667
  6.00000,   6.00000,   7.01586
  7.00000,   5.00000,   7.01585
  9.00000,   3.00000,   7.01742
  5.00000,   7.00000,   7.01582
  4.00000,   8.00000,   7.01344
  7.00000,   5.00000,   7.01343
  11.00000,   1.00000,   7.01657
  7.00000,   5.00000,   7.01656
  5.00000,   7.00000,   7.01497
  4.00000,   8.00000,   7.01260
  6.00000,   6.00000,   7.01180
  9.00000,   3.00000,   7.01336
  7.00000,   5.00000,   7.01335
  8.00000,   4.00000,   7.01413
  8.00000,   4.00000,   7.01490
  11.00000,   1.00000,   7.01803
  6.00000,   6.00000,   7.01723
  6.00000,   6.00000,   7.01643
  9.00000,   3.00000,   7.01798
  6.00000,   6.00000,   7.01719
  9.00000,   3.00000,   7.01874
  7.00000,   5.00000,   7.01872
  6.00000,   6.00000,   7.01793
  2.00000,   10.00000,   7.01402
  4.00000,   8.00000,   7.01167
  8.00000,   4.00000,   7.01244
  8.00000,   4.00000,   7.01321
  8.00000,   4.00000,   7.01398
  8.00000,   4.00000,   7.01474
  7.00000,   5.00000,   7.01473
  6.00000,   6.00000,   7.01394
  4.00000,   8.00000,   7.01161
  10.00000,   2.00000,   7.01392
  7.00000,   5.00000,   7.01391
  7.00000,   5.00000,   7.01390
  10.00000,   2.00000,   7.01620
  5.00000,   7.00000,   7.01465
  8.00000,   4.00000,   7.01541
  5.00000,   7.00000,   7.01386
  9.00000,   3.00000,   7.01538
  8.00000,   4.00000,   7.01614
  8.00000,   4.00000,   7.01690
  5.00000,   7.00000,   7.01535
  8.00000,   4.00000,   7.01610
  4.00000,   8.00000,   7.01379
  5.00000,   7.00000,   7.01225
  8.00000,   4.00000,   7.01301
  6.00000,   6.00000,   7.01223
  5.00000,   7.00000,   7.01070
  4.00000,   8.00000,   7.00840
  10.00000,   2.00000,   7.01068
  4.00000,   8.00000,   7.00838
  6.00000,   6.00000,   7.00762
  6.00000,   6.00000,   7.00685
  4.00000,   8.00000,   7.00456
  8.00000,   4.00000,   7.00532
  5.00000,   7.00000,   7.00380
  8.00000,   4.00000,   7.00455
  6.00000,   6.00000,   7.00379
  7.00000,   5.00000,   7.00379
  6.00000,   6.00000,   7.00303
  8.00000,   4.00000,   7.00378
  10.00000,   2.00000,   7.00605
  9.00000,   3.00000,   7.00755
  4.00000,   8.00000,   7.00528
  4.00000,   8.00000,   7.00302
  6.00000,   6.00000,   7.00226
  8.00000,   4.00000,   7.00301
  4.00000,   8.00000,   7.00075
  4.00000,   8.00000,   6.99850
  6.00000,   6.00000,   6.99775
  6.00000,   6.00000,   6.99700
  6.00000,   6.00000,   6.99625
  6.00000,   6.00000,   6.99550
  8.00000,   4.00000,   6.99625
  8.00000,   4.00000,   6.99701
  3.00000,   9.00000,   6.99402
  6.00000,   6.00000,   6.99327
  6.00000,   6.00000,   6.99253
  7.00000,   5.00000,   6.99254
  6.00000,   6.00000,   6.99180
  7.00000,   5.00000,   6.99180
  8.00000,   4.00000,   6.99255
  3.00000,   9.00000,   6.98958
  7.00000,   5.00000,   6.98959
  4.00000,   8.00000,   6.98737
  5.00000,   7.00000,   6.98589
  8.00000,   4.00000,   6.98665
  8.00000,   4.00000,   6.98740
  6.00000,   6.00000,   6.98667
  5.00000,   7.00000,   6.98520
  7.00000,   5.00000,   6.98521
  8.00000,   4.00000,   6.98596
  3.00000,   9.00000,   6.98301
  6.00000,   6.00000,   6.98229
  6.00000,   6.00000,   6.98156
  8.00000,   4.00000,   6.98231
  8.00000,   4.00000,   6.98306
  7.00000,   5.00000,   6.98308
  6.00000,   6.00000,   6.98235
  3.00000,   9.00000,   6.97943
  3.00000,   9.00000,   6.97651
  8.00000,   4.00000,   6.97726
  6.00000,   6.00000,   6.97654
  7.00000,   5.00000,   6.97656
  5.00000,   7.00000,   6.97511
  7.00000,   5.00000,   6.97513
  6.00000,   6.00000,   6.97442
  8.00000,   4.00000,   6.97516
  8.00000,   4.00000,   6.97591
  5.00000,   7.00000,   6.97447
  11.00000,   1.00000,   6.97741
  6.00000,   6.00000,   6.97669
  3.00000,   9.00000,   6.97380
  6.00000,   6.00000,   6.97309
  4.00000,   8.00000,   6.97093
  5.00000,   7.00000,   6.96950
  10.00000,   2.00000,   6.97170
  6.00000,   6.00000,   6.97099
  8.00000,   4.00000,   6.97174
  7.00000,   5.00000,   6.97176
  6.00000,   6.00000,   6.97106
  7.00000,   5.00000,   6.97108
  11.00000,   1.00000,   6.97399
  6.00000,   6.00000,   6.97329
  5.00000,   7.00000,   6.97186
  3.00000,   9.00000,   6.96900
  3.00000,   9.00000,   6.96614
  8.00000,   4.00000,   6.96688
  8.00000,   4.00000,   6.96763
  3.00000,   9.00000,   6.96477
  4.00000,   8.00000,   6.96264
  5.00000,   7.00000,   6.96123
  7.00000,   5.00000,   6.96126
  7.00000,   5.00000,   6.96129
  6.00000,   6.00000,   6.96060
  8.00000,   4.00000,   6.96135
  10.00000,   2.00000,   6.96352
  8.00000,   4.00000,   6.96426
  6.00000,   6.00000,   6.96357
  8.00000,   4.00000,   6.96431
  10.00000,   2.00000,   6.96648
  8.00000,   4.00000,   6.96721
  7.00000,   5.00000,   6.96724
  6.00000,   6.00000,   6.96655
  9.00000,   3.00000,   6.96799
  5.00000,   7.00000,   6.96660
  7.00000,   5.00000,   6.96662
  5.00000,   7.00000,   6.96522
  8.00000,   4.00000,   6.96596
  7.00000,   5.00000,   6.96598
  8.00000,   4.00000,   6.96671
  10.00000,   2.00000,   6.96886
  8.00000,   4.00000,   6.96959
  8.00000,   4.00000,   6.97032
  7.00000,   5.00000,   6.97034
  9.00000,   3.00000,   6.97177
  6.00000,   6.00000,   6.97109
  6.00000,   6.00000,   6.97040
  8.00000,   4.00000,   6.97113
  8.00000,   4.00000,   6.97185
  2.00000,   10.00000,   6.96835
  5.00000,   7.00000,   6.96697
  6.00000,   6.00000,   6.96629
  6.00000,   6.00000,   6.96561
  6.00000,   6.00000,   6.96494
  4.00000,   8.00000,   6.96286
  7.00000,   5.00000,   6.96289
  6.00000,   6.00000,   6.96221
  7.00000,   5.00000,   6.96224
  6.00000,   6.00000,   6.96157
  7.00000,   5.00000,   6.96159
  10.00000,   2.00000,   6.96371
  4.00000,   8.00000,   6.96165
  5.00000,   7.00000,   6.96028
  4.00000,   8.00000,   6.95822
  6.00000,   6.00000,   6.95755
  7.00000,   5.00000,   6.95758
  7.00000,   5.00000,   6.95761
  8.00000,   4.00000,   6.95833
  6.00000,   6.00000,   6.95767
  6.00000,   6.00000,   6.95700
  5.00000,   7.00000,   6.95565
  7.00000,   5.00000,   6.95568
  6.00000,   6.00000,   6.95502
  10.00000,   2.00000,   6.95712
  7.00000,   5.00000,   6.95715
  8.00000,   4.00000,   6.95787
  6.00000,   6.00000,   6.95721
  8.00000,   4.00000,   6.95793
  6.00000,   6.00000,   6.95727
  6.00000,   6.00000,   6.95661
  9.00000,   3.00000,   6.95802
  4.00000,   8.00000,   6.95598
  8.00000,   4.00000,   6.95670
  6.00000,   6.00000,   6.95604
  4.00000,   8.00000,   6.95402
  7.00000,   5.00000,   6.95405
  6.00000,   6.00000,   6.95339
  10.00000,   2.00000,   6.95548
  7.00000,   5.00000,   6.95551
  7.00000,   5.00000,   6.95554
  9.00000,   3.00000,   6.95694
  3.00000,   9.00000,   6.95423
  7.00000,   5.00000,   6.95427
  6.00000,   6.00000,   6.95362
  9.00000,   3.00000,   6.95501
  5.00000,   7.00000,   6.95368
  6.00000,   6.00000,   6.95303
  6.00000,   6.00000,   6.95238
  8.00000,   4.00000,   6.95309
  5.00000,   7.00000,   6.95177
  9.00000,   3.00000,   6.95316
  9.00000,   3.00000,   6.95455
  4.00000,   8.00000,   6.95254
  8.00000,   4.00000,   6.95325
  8.00000,   4.00000,   6.95396
  6.00000,   6.00000,   6.95332
  6.00000,   6.00000,   6.95267
  6.00000,   6.00000,   6.95203
  8.00000,   4.00000,   6.95273
  7.00000,   5.00000,   6.95277
  5.00000,   7.00000,   6.95145
  6.00000,   6.00000,   6.95081
  10.00000,   2.00000,   6.95286
  8.00000,   4.00000,   6.95357
  6.00000,   6.00000,   6.95293
  8.00000,   4.00000,   6.95363
  6.00000,   6.00000,   6.95299
  7.00000,   5.00000,   6.95302
  5.00000,   7.00000,   6.95171
  5.00000,   7.00000,   6.95040
  4.00000,   8.00000,   6.94843
  7.00000,   5.00000,   6.94846
  5.00000,   7.00000,   6.94716
  5.00000,   7.00000,   6.94586
  9.00000,   3.00000,   6.94723
  6.00000,   6.00000,   6.94660
  9.00000,   3.00000,   6.94797
  6.00000,   6.00000,   6.94733
  8.00000,   4.00000,   6.94803
  5.00000,   7.00000,   6.94674
  2.00000,   10.00000,   6.94345
  5.00000,   7.00000,   6.94215
  7.00000,   5.00000,   6.94219
  2.00000,   10.00000,   6.93891
  9.00000,   3.00000,   6.94028
  9.00000,   3.00000,   6.94164
  7.00000,   5.00000,   6.94168
  10.00000,   2.00000,   6.94371
  4.00000,   8.00000,   6.94176
  9.00000,   3.00000,   6.94312
  6.00000,   6.00000,   6.94250
  5.00000,   7.00000,   6.94122
  6.00000,   6.00000,   6.94059
  7.00000,   5.00000,   6.94063
  8.00000,   4.00000,   6.94133
  6.00000,   6.00000,   6.94071
  7.00000,   5.00000,   6.94075
  3.00000,   9.00000,   6.93816
  6.00000,   6.00000,   6.93754
  9.00000,   3.00000,   6.93890
  6.00000,   6.00000,   6.93828
  10.00000,   2.00000,   6.94029
  7.00000,   5.00000,   6.94033
  7.00000,   5.00000,   6.94037
  7.00000,   5.00000,   6.94041
  7.00000,   5.00000,   6.94045
  6.00000,   6.00000,   6.93983
  9.00000,   3.00000,   6.94118
  3.00000,   9.00000,   6.93860
  5.00000,   7.00000,   6.93734
  10.00000,   2.00000,   6.93933
  6.00000,   6.00000,   6.93872
  9.00000,   3.00000,   6.94007
  6.00000,   6.00000,   6.93945
  10.00000,   2.00000,   6.94144
  4.00000,   8.00000,   6.93953
  6.00000,   6.00000,   6.93892
  8.00000,   4.00000,   6.93961
  6.00000,   6.00000,   6.93900
  5.00000,   7.00000,   6.93774
  6.00000,   6.00000,   6.93714
  6.00000,   6.00000,   6.93653
  9.00000,   3.00000,   6.93786
  8.00000,   4.00000,   6.93855
  8.00000,   4.00000,   6.93924
  9.00000,   3.00000,   6.94057
  5.00000,   7.00000,   6.93932
  6.00000,   6.00000,   6.93871
  8.00000,   4.00000,   6.93939
  7.00000,   5.00000,   6.93943
  9.00000,   3.00000,   6.94076
  8.00000,   4.00000,   6.94144
  6.00000,   6.00000,   6.94084
  8.00000,   4.00000,   6.94152
  8.00000,   4.00000,   6.94220
  4.00000,   8.00000,   6.94031
  5.00000,   7.00000,   6.93906
  6.00000,   6.00000,   6.93846
  6.00000,   6.00000,   6.93786
  8.00000,   4.00000,   6.93854
  6.00000,   6.00000,   6.93794
  8.00000,   4.00000,   6.93862
  4.00000,   8.00000,   6.93674
  8.00000,   4.00000,   6.93742
  8.00000,   4.00000,   6.93810
  4.00000,   8.00000,   6.93622
  2.00000,   10.00000,   6.93308
  6.00000,   6.00000,   6.93248
  9.00000,   3.00000,   6.93380
  10.00000,   2.00000,   6.93575
  8.00000,   4.00000,   6.93643
  6.00000,   6.00000,   6.93583
  5.00000,   7.00000,   6.93460
  8.00000,   4.00000,   6.93528
  6.00000,   6.00000,   6.93469
  8.00000,   4.00000,   6.93536
  6.00000,   6.00000,   6.93477
  7.00000,   5.00000,   6.93481
  8.00000,   4.00000,   6.93548
  8.00000,   4.00000,   6.93616
  8.00000,   4.00000,   6.93683
  8.00000,   4.00000,   6.93750
  6.00000,   6.00000,   6.93691
  9.00000,   3.00000,   6.93821
  4.00000,   8.00000,   6.93636
  10.00000,   2.00000,   6.93829
  8.00000,   4.00000,   6.93896
  8.00000,   4.00000,   6.93962
  7.00000,   5.00000,   6.93966
  6.00000,   6.00000,   6.93907
  9.00000,   3.00000,   6.94036
  8.00000,   4.00000,   6.94103
  8.00000,   4.00000,   6.94169
  8.00000,   4.00000,   6.94236
  6.00000,   6.00000,   6.94177
  4.00000,   8.00000,   6.93992
  5.00000,   7.00000,   6.93871
  8.00000,   4.00000,   6.93938
  8.00000,   4.00000,   6.94004
  5.00000,   7.00000,   6.93883
  6.00000,   6.00000,   6.93824
  6.00000,   6.00000,   6.93766
  6.00000,   6.00000,   6.93707
  6.00000,   6.00000,   6.93649
  8.00000,   4.00000,   6.93715
  6.00000,   6.00000,   6.93657
  8.00000,   4.00000,   6.93723
  8.00000,   4.00000,   6.93789
  7.00000,   5.00000,   6.93793
  8.00000,   4.00000,   6.93859
  6.00000,   6.00000,   6.93800
  5.00000,   7.00000,   6.93680
  12.00000,   0.00000,   6.93994
  8.00000,   4.00000,   6.94059
  6.00000,   6.00000,   6.94001
  8.00000,   4.00000,   6.94067
  6.00000,   6.00000,   6.94009
  8.00000,   4.00000,   6.94074
  5.00000,   7.00000,   6.93954
  7.00000,   5.00000,   6.93958
  6.00000,   6.00000,   6.93900
  7.00000,   5.00000,   6.93904
  10.00000,   2.00000,   6.94092
  8.00000,   4.00000,   6.94157
  5.00000,   7.00000,   6.94038
  5.00000,   7.00000,   6.93919
  8.00000,   4.00000,   6.93984
  6.00000,   6.00000,   6.93926
  10.00000,   2.00000,   6.94114
  10.00000,   2.00000,   6.94301
  6.00000,   6.00000,   6.94244
  6.00000,   6.00000,   6.94186
  6.00000,   6.00000,   6.94128
  10.00000,   2.00000,   6.94315
  5.00000,   7.00000,   6.94197
  10.00000,   2.00000,   6.94383
  4.00000,   8.00000,   6.94204
  10.00000,   2.00000,   6.94390
  9.00000,   3.00000,   6.94516
  6.00000,   6.00000,   6.94458
  7.00000,   5.00000,   6.94461
  6.00000,   6.00000,   6.94404
  9.00000,   3.00000,   6.94529
  4.00000,   8.00000,   6.94350
  8.00000,   4.00000,   6.94414
  11.00000,   1.00000,   6.94660
  8.00000,   4.00000,   6.94724
  9.00000,   3.00000,   6.94848
  4.00000,   8.00000,   6.94670
  8.00000,   4.00000,   6.94734
  6.00000,   6.00000,   6.94676
  4.00000,   8.00000,   6.94498
  6.00000,   6.00000,   6.94441
  9.00000,   3.00000,   6.94565
  9.00000,   3.00000,   6.94689
  10.00000,   2.00000,   6.94873
  8.00000,   4.00000,   6.94937
  10.00000,   2.00000,   6.95120
  5.00000,   7.00000,   6.95003
  7.00000,   5.00000,   6.95006
  6.00000,   6.00000,   6.94949
  9.00000,   3.00000,   6.95072
  9.00000,   3.00000,   6.95195
  6.00000,   6.00000,   6.95138
  6.00000,   6.00000,   6.95081
  9.00000,   3.00000,   6.95204
  6.00000,   6.00000,   6.95147
  8.00000,   4.00000,   6.95210
  6.00000,   6.00000,   6.95153
  6.00000,   6.00000,   6.95096
  8.00000,   4.00000,   6.95158
  4.00000,   8.00000,   6.94982
  6.00000,   6.00000,   6.94925
  8.00000,   4.00000,   6.94988
  10.00000,   2.00000,   6.95170
  10.00000,   2.00000,   6.95352
  7.00000,   5.00000,   6.95354
  6.00000,   6.00000,   6.95298
  11.00000,   1.00000,   6.95538
  7.00000,   5.00000,   6.95541
  8.00000,   4.00000,   6.95603
  6.00000,   6.00000,   6.95546
  8.00000,   4.00000,   6.95608
  9.00000,   3.00000,   6.95730
  8.00000,   4.00000,   6.95791
  6.00000,   6.00000,   6.95735
  8.00000,   4.00000,   6.95796
  6.00000,   6.00000,   6.95740
  6.00000,   6.00000,   6.95683
  8.00000,   4.00000,   6.95745
  5.00000,   7.00000,   6.95629
  6.00000,   6.00000,   6.95573
  9.00000,   3.00000,   6.95693
  3.00000,   9.00000,   6.95460
  8.00000,   4.00000,   6.95522
  6.00000,   6.00000,   6.95465
  7.00000,   5.00000,   6.95468
  8.00000,   4.00000,   6.95529
  9.00000,   3.00000,   6.95650
  9.00000,   3.00000,   6.95770
  7.00000,   5.00000,   6.95772
  7.00000,   5.00000,   6.95775
  7.00000,   5.00000,   6.95777
  8.00000,   4.00000,   6.95838
  6.00000,   6.00000,   6.95782
  7.00000,   5.00000,   6.95785
  7.00000,   5.00000,   6.95787
  8.00000,   4.00000,   6.95848
  6.00000,   6.00000,   6.95792
  7.00000,   5.00000,   6.95794
  6.00000,   6.00000,   6.95738
  7.00000,   5.00000,   6.95741
  6.00000,   6.00000,   6.95685
  8.00000,   4.00000,   6.95746
  6.00000,   6.00000,   6.95690
  4.00000,   8.00000,   6.95518
  5.00000,   7.00000,   6.95404
  8.00000,   4.00000,   6.95465
  7.00000,   5.00000,   6.95468
  8.00000,   4.00000,   6.95528
  7.00000,   5.00000,   6.95531
  6.00000,   6.00000,   6.95476
  6.00000,   6.00000,   6.95420
  6.00000,   6.00000,   6.95365
  6.00000,   6.00000,   6.95310
  7.00000,   5.00000,   6.95312
  6.00000,   6.00000,   6.95257
  4.00000,   8.00000,   6.95087
  7.00000,   5.00000,   6.95090
  8.00000,   4.00000,   6.95150
  10.00000,   2.00000,   6.95326
  6.00000,   6.00000,   6.95271
  11.00000,   1.00000,   6.95504
  7.00000,   5.00000,   6.95507
  8.00000,   4.00000,   6.95567
  10.00000,   2.00000,   6.95742
  4.00000,   8.00000,   6.95572
  6.00000,   6.00000,   6.95517
  4.00000,   8.00000,   6.95348
  8.00000,   4.00000,   6.95408
  10.00000,   2.00000,   6.95582
  7.00000,   5.00000,   6.95585
  6.00000,   6.00000,   6.95530
  8.00000,   4.00000,   6.95590
  8.00000,   4.00000,   6.95650
  4.00000,   8.00000,   6.95481
  4.00000,   8.00000,   6.95312
  7.00000,   5.00000,   6.95314
  7.00000,   5.00000,   6.95317
  8.00000,   4.00000,   6.95377
  7.00000,   5.00000,   6.95379
  10.00000,   2.00000,   6.95553
  8.00000,   4.00000,   6.95613
  4.00000,   8.00000,   6.95444
  4.00000,   8.00000,   6.95276
  7.00000,   5.00000,   6.95279
  6.00000,   6.00000,   6.95225
  5.00000,   7.00000,   6.95114
  7.00000,   5.00000,   6.95116
  8.00000,   4.00000,   6.95176
  6.00000,   6.00000,   6.95122
  5.00000,   7.00000,   6.95011
  6.00000,   6.00000,   6.94958
  7.00000,   5.00000,   6.94960
  6.00000,   6.00000,   6.94907
  6.00000,   6.00000,   6.94853
  7.00000,   5.00000,   6.94856
  11.00000,   1.00000,   6.95085
  6.00000,   6.00000,   6.95031
  5.00000,   7.00000,   6.94921
  4.00000,   8.00000,   6.94755
  8.00000,   4.00000,   6.94814
  10.00000,   2.00000,   6.94986
  6.00000,   6.00000,   6.94932
  9.00000,   3.00000,   6.95048
  6.00000,   6.00000,   6.94994
  8.00000,   4.00000,   6.95053
  8.00000,   4.00000,   6.95112
  5.00000,   7.00000,   6.95003
  6.00000,   6.00000,   6.94949
  5.00000,   7.00000,   6.94840
  3.00000,   9.00000,   6.94619
  10.00000,   2.00000,   6.94790
  7.00000,   5.00000,   6.94793
  7.00000,   5.00000,   6.94796
  7.00000,   5.00000,   6.94799
  6.00000,   6.00000,   6.94746
  6.00000,   6.00000,   6.94693
  12.00000,   0.00000,   6.94975
  6.00000,   6.00000,   6.94922
  10.00000,   2.00000,   6.95092
  8.00000,   4.00000,   6.95151
  5.00000,   7.00000,   6.95042
  6.00000,   6.00000,   6.94989
  10.00000,   2.00000,   6.95159
  4.00000,   8.00000,   6.94994
  4.00000,   8.00000,   6.94830
  8.00000,   4.00000,   6.94889
  6.00000,   6.00000,   6.94836
  4.00000,   8.00000,   6.94673
  7.00000,   5.00000,   6.94676
  9.00000,   3.00000,   6.94789
  4.00000,   8.00000,   6.94626
  7.00000,   5.00000,   6.94629
  6.00000,   6.00000,   6.94577
  6.00000,   6.00000,   6.94524
  7.00000,   5.00000,   6.94527
  7.00000,   5.00000,   6.94530
  8.00000,   4.00000,   6.94589
  10.00000,   2.00000,   6.94757
  6.00000,   6.00000,   6.94705
  8.00000,   4.00000,   6.94763
  10.00000,   2.00000,   6.94931
  8.00000,   4.00000,   6.94989
  6.00000,   6.00000,   6.94937
  10.00000,   2.00000,   6.95105
  7.00000,   5.00000,   6.95107
  5.00000,   7.00000,   6.95000
  6.00000,   6.00000,   6.94948
  7.00000,   5.00000,   6.94951
  8.00000,   4.00000,   6.95008
  3.00000,   9.00000,   6.94792
  3.00000,   9.00000,   6.94575
  8.00000,   4.00000,   6.94633
  5.00000,   7.00000,   6.94527
  6.00000,   6.00000,   6.94475
  6.00000,   6.00000,   6.94423
  6.00000,   6.00000,   6.94372
  6.00000,   6.00000,   6.94320
  8.00000,   4.00000,   6.94378
  4.00000,   8.00000,   6.94217
  8.00000,   4.00000,   6.94275
  7.00000,   5.00000,   6.94278
  8.00000,   4.00000,   6.94336
  6.00000,   6.00000,   6.94284
  1.00000,   11.00000,   6.93961
  5.00000,   7.00000,   6.93855
  4.00000,   8.00000,   6.93696
  5.00000,   7.00000,   6.93590
  8.00000,   4.00000,   6.93648
  10.00000,   2.00000,   6.93814
  4.00000,   8.00000,   6.93655
  7.00000,   5.00000,   6.93659
  8.00000,   4.00000,   6.93716
  7.00000,   5.00000,   6.93720
  4.00000,   8.00000,   6.93561
  6.00000,   6.00000,   6.93510
  8.00000,   4.00000,   6.93568
  5.00000,   7.00000,   6.93463
  10.00000,   2.00000,   6.93629
  10.00000,   2.00000,   6.93794
  6.00000,   6.00000,   6.93743
  3.00000,   9.00000,   6.93531
  3.00000,   9.00000,   6.93319
  3.00000,   9.00000,   6.93107
  9.00000,   3.00000,   6.93219
  8.00000,   4.00000,   6.93276
  6.00000,   6.00000,   6.93226
  8.00000,   4.00000,   6.93283
  7.00000,   5.00000,   6.93287
  3.00000,   9.00000,   6.93076
  9.00000,   3.00000,   6.93187
  6.00000,   6.00000,   6.93137
  9.00000,   3.00000,   6.93248
  4.00000,   8.00000,   6.93091
  7.00000,   5.00000,   6.93094
  7.00000,   5.00000,   6.93098
  8.00000,   4.00000,   6.93155
  8.00000,   4.00000,   6.93212
  5.00000,   7.00000,   6.93109
  8.00000,   4.00000,   6.93166
  4.00000,   8.00000,   6.93010
  10.00000,   2.00000,   6.93173
  6.00000,   6.00000,   6.93124
  3.00000,   9.00000,   6.92914
  5.00000,   7.00000,   6.92812
  5.00000,   7.00000,   6.92709
  6.00000,   6.00000,   6.92660
  4.00000,   8.00000,   6.92504
  7.00000,   5.00000,   6.92508
  6.00000,   6.00000,   6.92459
  6.00000,   6.00000,   6.92410
  7.00000,   5.00000,   6.92414
  8.00000,   4.00000,   6.92471
  8.00000,   4.00000,   6.92528
  6.00000,   6.00000,   6.92479
  11.00000,   1.00000,   6.92695
  7.00000,   5.00000,   6.92698
  9.00000,   3.00000,   6.92808
  9.00000,   3.00000,   6.92918
  12.00000,   0.00000,   6.93185
  7.00000,   5.00000,   6.93189
  6.00000,   6.00000,   6.93140
  6.00000,   6.00000,   6.93091
  11.00000,   1.00000,   6.93305
  7.00000,   5.00000,   6.93309
  6.00000,   6.00000,   6.93260
  7.00000,   5.00000,   6.93263
  4.00000,   8.00000,   6.93109
  4.00000,   8.00000,   6.92955
  7.00000,   5.00000,   6.92958
  6.00000,   6.00000,   6.92910
  9.00000,   3.00000,   6.93018
  6.00000,   6.00000,   6.92970
  4.00000,   8.00000,   6.92816
  4.00000,   8.00000,   6.92662
  4.00000,   8.00000,   6.92509
  5.00000,   7.00000,   6.92408
  9.00000,   3.00000,   6.92517
  7.00000,   5.00000,   6.92521
  8.00000,   4.00000,   6.92577
  8.00000,   4.00000,   6.92633
  7.00000,   5.00000,   6.92637
  11.00000,   1.00000,   6.92850
  4.00000,   8.00000,   6.92697
  6.00000,   6.00000,   6.92649
  8.00000,   4.00000,   6.92705
  4.00000,   8.00000,   6.92552
  4.00000,   8.00000,   6.92400
  6.00000,   6.00000,   6.92352
  6.00000,   6.00000,   6.92304
  6.00000,   6.00000,   6.92256
  5.00000,   7.00000,   6.92156
  6.00000,   6.00000,   6.92108
  4.00000,   8.00000,   6.91956
  9.00000,   3.00000,   6.92064
  4.00000,   8.00000,   6.91913
  4.00000,   8.00000,   6.91762
  6.00000,   6.00000,   6.91714
  4.00000,   8.00000,   6.91563
  5.00000,   7.00000,   6.91464
  8.00000,   4.00000,   6.91520
  10.00000,   2.00000,   6.91680
  9.00000,   3.00000,   6.91787
  11.00000,   1.00000,   6.91998
  10.00000,   2.00000,   6.92157
  4.00000,   8.00000,   6.92006
  7.00000,   5.00000,   6.92010
  6.00000,   6.00000,   6.91963
  7.00000,   5.00000,   6.91967
  6.00000,   6.00000,   6.91920
  10.00000,   2.00000,   6.92078
  6.00000,   6.00000,   6.92031
  4.00000,   8.00000,   6.91881
  6.00000,   6.00000,   6.91834
  9.00000,   3.00000,   6.91940
  5.00000,   7.00000,   6.91842
  10.00000,   2.00000,   6.92000
  9.00000,   3.00000,   6.92107
  5.00000,   7.00000,   6.92008
  6.00000,   6.00000,   6.91961
  4.00000,   8.00000,   6.91812
  9.00000,   3.00000,   6.91918
  7.00000,   5.00000,   6.91922
  7.00000,   5.00000,   6.91926
  6.00000,   6.00000,   6.91879
  5.00000,   7.00000,   6.91782
  5.00000,   7.00000,   6.91684
  9.00000,   3.00000,   6.91790
  8.00000,   4.00000,   6.91845
  10.00000,   2.00000,   6.92002
  8.00000,   4.00000,   6.92057
  5.00000,   7.00000,   6.91959
  7.00000,   5.00000,   6.91963
  8.00000,   4.00000,   6.92018
  10.00000,   2.00000,   6.92175
  6.00000,   6.00000,   6.92128
  7.00000,   5.00000,   6.92132
  8.00000,   4.00000,   6.92187
  7.00000,   5.00000,   6.92191
  8.00000,   4.00000,   6.92245
  7.00000,   5.00000,   6.92249
  5.00000,   7.00000,   6.92152
  10.00000,   2.00000,   6.92308
  5.00000,   7.00000,   6.92210
  9.00000,   3.00000,   6.92315
  3.00000,   9.00000,   6.92117
  10.00000,   2.00000,   6.92273
  5.00000,   7.00000,   6.92176
  7.00000,   5.00000,   6.92180
  6.00000,   6.00000,   6.92133
  9.00000,   3.00000,   6.92238
  11.00000,   1.00000,   6.92443
  6.00000,   6.00000,   6.92397
  6.00000,   6.00000,   6.92350
  5.00000,   7.00000,   6.92254
  6.00000,   6.00000,   6.92207
  9.00000,   3.00000,   6.92312
  6.00000,   6.00000,   6.92265
  9.00000,   3.00000,   6.92369
  6.00000,   6.00000,   6.92323
  10.00000,   2.00000,   6.92477
  10.00000,   2.00000,   6.92632
  6.00000,   6.00000,   6.92585
  4.00000,   8.00000,   6.92439
  8.00000,   4.00000,   6.92492
  8.00000,   4.00000,   6.92546
  7.00000,   5.00000,   6.92550
  9.00000,   3.00000,   6.92654
  6.00000,   6.00000,   6.92607
  8.00000,   4.00000,   6.92661
  4.00000,   8.00000,   6.92515
  4.00000,   8.00000,   6.92369
  6.00000,   6.00000,   6.92323
  4.00000,   8.00000,   6.92177
  6.00000,   6.00000,   6.92131
  6.00000,   6.00000,   6.92086
  8.00000,   4.00000,   6.92139
  8.00000,   4.00000,   6.92193
  8.00000,   4.00000,   6.92247
  7.00000,   5.00000,   6.92250
  7.00000,   5.00000,   6.92254
  5.00000,   7.00000,   6.92159
  3.00000,   9.00000,   6.91964
  5.00000,   7.00000,   6.91869
  8.00000,   4.00000,   6.91923
  8.00000,   4.00000,   6.91976
  6.00000,   6.00000,   6.91931
  11.00000,   1.00000,   6.92133
  9.00000,   3.00000,   6.92235
  7.00000,   5.00000,   6.92239
  8.00000,   4.00000,   6.92292
  9.00000,   3.00000,   6.92395
  6.00000,   6.00000,   6.92349
  11.00000,   1.00000,   6.92551
  10.00000,   2.00000,   6.92702
  7.00000,   5.00000,   6.92706
  4.00000,   8.00000,   6.92562
  9.00000,   3.00000,   6.92664
  5.00000,   7.00000,   6.92569
  11.00000,   1.00000,   6.92769
  7.00000,   5.00000,   6.92773
  4.00000,   8.00000,   6.92629
  9.00000,   3.00000,   6.92731
  9.00000,   3.00000,   6.92833
  7.00000,   5.00000,   6.92836
  5.00000,   7.00000,   6.92742
  5.00000,   7.00000,   6.92647
  7.00000,   5.00000,   6.92651
  5.00000,   7.00000,   6.92556
  8.00000,   4.00000,   6.92609
  6.00000,   6.00000,   6.92564
  3.00000,   9.00000,   6.92372
  11.00000,   1.00000,   6.92571
  5.00000,   7.00000,   6.92477
  6.00000,   6.00000,   6.92432
  8.00000,   4.00000,   6.92484
  4.00000,   8.00000,   6.92341
  6.00000,   6.00000,   6.92296
  4.00000,   8.00000,   6.92154
  5.00000,   7.00000,   6.92060
  6.00000,   6.00000,   6.92016
  8.00000,   4.00000,   6.92068
  9.00000,   3.00000,   6.92169
  6.00000,   6.00000,   6.92124
  10.00000,   2.00000,   6.92274
  5.00000,   7.00000,   6.92181
  7.00000,   5.00000,   6.92184
  7.00000,   5.00000,   6.92188
  8.00000,   4.00000,   6.92241
  10.00000,   2.00000,   6.92390
  8.00000,   4.00000,   6.92442
  8.00000,   4.00000,   6.92494
  7.00000,   5.00000,   6.92498
  3.00000,   9.00000,   6.92308
  8.00000,   4.00000,   6.92360
  6.00000,   6.00000,   6.92315
  6.00000,   6.00000,   6.92271
  6.00000,   6.00000,   6.92226
  4.00000,   8.00000,   6.92085
  12.00000,   0.00000,   6.92330
  7.00000,   5.00000,   6.92334
  8.00000,   4.00000,   6.92386
  4.00000,   8.00000,   6.92245
  7.00000,   5.00000,   6.92248
  5.00000,   7.00000,   6.92156
  5.00000,   7.00000,   6.92063
  7.00000,   5.00000,   6.92067
  5.00000,   7.00000,   6.91975
  8.00000,   4.00000,   6.92027
  6.00000,   6.00000,   6.91983
  8.00000,   4.00000,   6.92035
  4.00000,   8.00000,   6.91894
  8.00000,   4.00000,   6.91946
  7.00000,   5.00000,   6.91950
  8.00000,   4.00000,   6.92002
  6.00000,   6.00000,   6.91958
  7.00000,   5.00000,   6.91962
  8.00000,   4.00000,   6.92013
  5.00000,   7.00000,   6.91922
  8.00000,   4.00000,   6.91973
  7.00000,   5.00000,   6.91977
  7.00000,   5.00000,   6.91981
  6.00000,   6.00000,   6.91937
  6.00000,   6.00000,   6.91893
  8.00000,   4.00000,   6.91945
  5.00000,   7.00000,   6.91853
  6.00000,   6.00000,   6.91810
  5.00000,   7.00000,   6.91718
  5.00000,   7.00000,   6.91627
  8.00000,   4.00000,   6.91679
  4.00000,   8.00000,   6.91540
  6.00000,   6.00000,   6.91496
  7.00000,   5.00000,   6.91500
  8.00000,   4.00000,   6.91552
  10.00000,   2.00000,   6.91698
  8.00000,   4.00000,   6.91750
  3.00000,   9.00000,   6.91564
  8.00000,   4.00000,   6.91615
  4.00000,   8.00000,   6.91477
  3.00000,   9.00000,   6.91292
  6.00000,   6.00000,   6.91249
  6.00000,   6.00000,   6.91206
  6.00000,   6.00000,   6.91163
  6.00000,   6.00000,   6.91120
  6.00000,   6.00000,   6.91076
  8.00000,   4.00000,   6.91128
  6.00000,   6.00000,   6.91085
  6.00000,   6.00000,   6.91042
  7.00000,   5.00000,   6.91046
  9.00000,   3.00000,   6.91145
  8.00000,   4.00000,   6.91196
  7.00000,   5.00000,   6.91200
  6.00000,   6.00000,   6.91157
  6.00000,   6.00000,   6.91114
  6.00000,   6.00000,   6.91071
  6.00000,   6.00000,   6.91029
  7.00000,   5.00000,   6.91033
  9.00000,   3.00000,   6.91131
  8.00000,   4.00000,   6.91182
  3.00000,   9.00000,   6.90999
  4.00000,   8.00000,   6.90862
  6.00000,   6.00000,   6.90820
  9.00000,   3.00000,   6.90918
  7.00000,   5.00000,   6.90922
  6.00000,   6.00000,   6.90879
  6.00000,   6.00000,   6.90837
  7.00000,   5.00000,   6.90841
  6.00000,   6.00000,   6.90799
  6.00000,   6.00000,   6.90756
  6.00000,   6.00000,   6.90714
  8.00000,   4.00000,   6.90765
  6.00000,   6.00000,   6.90723
  7.00000,   5.00000,   6.90727
  8.00000,   4.00000,   6.90778
  6.00000,   6.00000,   6.90736
  6.00000,   6.00000,   6.90693
  3.00000,   9.00000,   6.90512
  4.00000,   8.00000,   6.90377
  7.00000,   5.00000,   6.90381
  8.00000,   4.00000,   6.90432
  5.00000,   7.00000,   6.90344
  9.00000,   3.00000,   6.90441
  12.00000,   0.00000,   6.90677
  9.00000,   3.00000,   6.90774
  11.00000,   1.00000,   6.90964
  10.00000,   2.00000,   6.91107
  7.00000,   5.00000,   6.91111
  4.00000,   8.00000,   6.90976
  7.00000,   5.00000,   6.90981
  7.00000,   5.00000,   6.90985
  8.00000,   4.00000,   6.91035
  4.00000,   8.00000,   6.90901
  7.00000,   5.00000,   6.90905
  9.00000,   3.00000,   6.91001
  6.00000,   6.00000,   6.90959
  9.00000,   3.00000,   6.91056
  6.00000,   6.00000,   6.91014
  7.00000,   5.00000,   6.91018
  10.00000,   2.00000,   6.91160
  8.00000,   4.00000,   6.91210
  5.00000,   7.00000,   6.91122
  8.00000,   4.00000,   6.91172
  4.00000,   8.00000,   6.91039
  9.00000,   3.00000,   6.91135
  8.00000,   4.00000,   6.91185
  8.00000,   4.00000,   6.91235
  8.00000,   4.00000,   6.91284
  10.00000,   2.00000,   6.91426
  7.00000,   5.00000,   6.91430
  6.00000,   6.00000,   6.91388
  10.00000,   2.00000,   6.91529
  5.00000,   7.00000,   6.91442
  7.00000,   5.00000,   6.91446
  7.00000,   5.00000,   6.91449
  5.00000,   7.00000,   6.91362
  4.00000,   8.00000,   6.91229
  6.00000,   6.00000,   6.91187
  3.00000,   9.00000,   6.91009
  6.00000,   6.00000,   6.90967
  9.00000,   3.00000,   6.91062
  8.00000,   4.00000,   6.91112
  6.00000,   6.00000,   6.91071
  6.00000,   6.00000,   6.91029
  7.00000,   5.00000,   6.91033
  8.00000,   4.00000,   6.91083
  7.00000,   5.00000,   6.91087
  6.00000,   6.00000,   6.91045
  8.00000,   4.00000,   6.91095
  7.00000,   5.00000,   6.91099
  6.00000,   6.00000,   6.91058
  7.00000,   5.00000,   6.91062
  6.00000,   6.00000,   6.91020
  6.00000,   6.00000,   6.90979
  6.00000,   6.00000,   6.90938
  10.00000,   2.00000,   6.91078
  6.00000,   6.00000,   6.91037
  6.00000,   6.00000,   6.90995
  5.00000,   7.00000,   6.90909
  8.00000,   4.00000,   6.90958
  6.00000,   6.00000,   6.90917
  7.00000,   5.00000,   6.90921
  5.00000,   7.00000,   6.90835
  12.00000,   0.00000,   6.91065
  4.00000,   8.00000,   6.90934
  5.00000,   7.00000,   6.90848
  9.00000,   3.00000,   6.90942
  4.00000,   8.00000,   6.90811
  8.00000,   4.00000,   6.90860
  9.00000,   3.00000,   6.90954
  4.00000,   8.00000,   6.90823
  7.00000,   5.00000,   6.90827
  6.00000,   6.00000,   6.90787
  6.00000,   6.00000,   6.90746
  8.00000,   4.00000,   6.90795
  9.00000,   3.00000,   6.90889
  4.00000,   8.00000,   6.90758
  6.00000,   6.00000,   6.90717
  6.00000,   6.00000,   6.90677
  6.00000,   6.00000,   6.90636
  4.00000,   8.00000,   6.90506
  8.00000,   4.00000,   6.90555
  10.00000,   2.00000,   6.90694
  6.00000,   6.00000,   6.90653
  6.00000,   6.00000,   6.90612
  8.00000,   4.00000,   6.90661
  8.00000,   4.00000,   6.90710
  6.00000,   6.00000,   6.90670
  10.00000,   2.00000,   6.90808
  4.00000,   8.00000,   6.90678
  7.00000,   5.00000,   6.90682
  6.00000,   6.00000,   6.90642
  8.00000,   4.00000,   6.90690
  3.00000,   9.00000,   6.90516
  7.00000,   5.00000,   6.90521
  10.00000,   2.00000,   6.90658
  6.00000,   6.00000,   6.90618
  8.00000,   4.00000,   6.90667
  9.00000,   3.00000,   6.90760
  9.00000,   3.00000,   6.90853
  6.00000,   6.00000,   6.90812
  6.00000,   6.00000,   6.90772
  5.00000,   7.00000,   6.90687
  4.00000,   8.00000,   6.90559
  6.00000,   6.00000,   6.90518
  8.00000,   4.00000,   6.90567
  4.00000,   8.00000,   6.90438
  5.00000,   7.00000,   6.90354
  6.00000,   6.00000,   6.90314
  10.00000,   2.00000,   6.90451
  10.00000,   2.00000,   6.90588
  6.00000,   6.00000,   6.90548
  8.00000,   4.00000,   6.90596
  6.00000,   6.00000,   6.90556
  7.00000,   5.00000,   6.90560
  6.00000,   6.00000,   6.90520
  7.00000,   5.00000,   6.90524
  9.00000,   3.00000,   6.90617
  6.00000,   6.00000,   6.90577
  10.00000,   2.00000,   6.90713
  4.00000,   8.00000,   6.90585
  5.00000,   7.00000,   6.90501
  4.00000,   8.00000,   6.90374
  8.00000,   4.00000,   6.90422
  8.00000,   4.00000,   6.90470
  8.00000,   4.00000,   6.90518
  6.00000,   6.00000,   6.90478
  7.00000,   5.00000,   6.90482
  8.00000,   4.00000,   6.90530
  8.00000,   4.00000,   6.90578
  4.00000,   8.00000,   6.90451
  5.00000,   7.00000,   6.90368
  5.00000,   7.00000,   6.90284
  8.00000,   4.00000,   6.90332
  6.00000,   6.00000,   6.90293
  9.00000,   3.00000,   6.90385
  9.00000,   3.00000,   6.90476
  6.00000,   6.00000,   6.90437
  9.00000,   3.00000,   6.90528
  8.00000,   4.00000,   6.90576
  6.00000,   6.00000,   6.90536
  9.00000,   3.00000,   6.90628
  9.00000,   3.00000,   6.90719
  7.00000,   5.00000,   6.90723
  8.00000,   4.00000,   6.90771
  10.00000,   2.00000,   6.90905
  9.00000,   3.00000,   6.90996
  8.00000,   4.00000,   6.91043
  8.00000,   4.00000,   6.91091
  6.00000,   6.00000,   6.91051
  10.00000,   2.00000,   6.91185
  5.00000,   7.00000,   6.91102
  12.00000,   0.00000,   6.91323
  6.00000,   6.00000,   6.91284
  6.00000,   6.00000,   6.91244
  6.00000,   6.00000,   6.91205
  6.00000,   6.00000,   6.91165
  6.00000,   6.00000,   6.91126
  6.00000,   6.00000,   6.91086
  9.00000,   3.00000,   6.91176
  7.00000,   5.00000,   6.91180
  8.00000,   4.00000,   6.91227
  10.00000,   2.00000,   6.91361
  8.00000,   4.00000,   6.91408
  8.00000,   4.00000,   6.91454
  6.00000,   6.00000,   6.91415
  8.00000,   4.00000,   6.91462
  6.00000,   6.00000,   6.91422
  8.00000,   4.00000,   6.91469
  10.00000,   2.00000,   6.91602
  10.00000,   2.00000,   6.91735
  8.00000,   4.00000,   6.91781
  10.00000,   2.00000,   6.91914
  6.00000,   6.00000,   6.91874
  8.00000,   4.00000,   6.91921
  5.00000,   7.00000,   6.91838
  7.00000,   5.00000,   6.91842
  8.00000,   4.00000,   6.91888
  10.00000,   2.00000,   6.92021
  8.00000,   4.00000,   6.92067
  9.00000,   3.00000,   6.92156
  4.00000,   8.00000,   6.92031
  2.00000,   10.00000,   6.91820
  12.00000,   0.00000,   6.92038
  9.00000,   3.00000,   6.92127
  8.00000,   4.00000,   6.92173
  8.00000,   4.00000,   6.92219
  8.00000,   4.00000,   6.92265
  8.00000,   4.00000,   6.92311
  8.00000,   4.00000,   6.92357
  6.00000,   6.00000,   6.92318
  4.00000,   8.00000,   6.92193
  8.00000,   4.00000,   6.92239
  8.00000,   4.00000,   6.92285
  8.00000,   4.00000,   6.92331
  6.00000,   6.00000,   6.92291
  6.00000,   6.00000,   6.92252
  8.00000,   4.00000,   6.92298
  2.00000,   10.00000,   6.92088
  8.00000,   4.00000,   6.92134
  8.00000,   4.00000,   6.92180
  7.00000,   5.00000,   6.92184
  4.00000,   8.00000,   6.92059
  5.00000,   7.00000,   6.91978
  4.00000,   8.00000,   6.91854
  5.00000,   7.00000,   6.91773
  10.00000,   2.00000,   6.91903
  9.00000,   3.00000,   6.91992
  8.00000,   4.00000,   6.92037
  4.00000,   8.00000,   6.91914
  9.00000,   3.00000,   6.92002
  9.00000,   3.00000,   6.92090
  8.00000,   4.00000,   6.92135
  4.00000,   8.00000,   6.92012
  6.00000,   6.00000,   6.91973
  6.00000,   6.00000,   6.91934
  8.00000,   4.00000,   6.91980
  8.00000,   4.00000,   6.92025
  6.00000,   6.00000,   6.91987
  10.00000,   2.00000,   6.92116
  8.00000,   4.00000,   6.92162
  8.00000,   4.00000,   6.92207
  6.00000,   6.00000,   6.92168
  4.00000,   8.00000,   6.92045
  6.00000,   6.00000,   6.92007
  7.00000,   5.00000,   6.92010
  7.00000,   5.00000,   6.92013
  5.00000,   7.00000,   6.91933
  7.00000,   5.00000,   6.91936
  7.00000,   5.00000,   6.91940
  6.00000,   6.00000,   6.91901
  8.00000,   4.00000,   6.91946
  8.00000,   4.00000,   6.91992
  10.00000,   2.00000,   6.92121
  4.00000,   8.00000,   6.91998
  8.00000,   4.00000,   6.92044
  4.00000,   8.00000,   6.91921
  6.00000,   6.00000,   6.91883
  8.00000,   4.00000,   6.91928
  5.00000,   7.00000,   6.91848
  4.00000,   8.00000,   6.91726
  9.00000,   3.00000,   6.91813
  4.00000,   8.00000,   6.91691
  4.00000,   8.00000,   6.91569
  4.00000,   8.00000,   6.91448
  10.00000,   2.00000,   6.91576
  5.00000,   7.00000,   6.91496
  8.00000,   4.00000,   6.91542
  9.00000,   3.00000,   6.91628
  8.00000,   4.00000,   6.91674
  8.00000,   4.00000,   6.91719
  4.00000,   8.00000,   6.91597
  9.00000,   3.00000,   6.91684
  11.00000,   1.00000,   6.91854
  7.00000,   5.00000,   6.91857
  5.00000,   7.00000,   6.91777
  6.00000,   6.00000,   6.91739
  4.00000,   8.00000,   6.91618
  5.00000,   7.00000,   6.91539
  9.00000,   3.00000,   6.91625
  8.00000,   4.00000,   6.91670
  3.00000,   9.00000,   6.91508
  3.00000,   9.00000,   6.91346
  5.00000,   7.00000,   6.91267
  4.00000,   8.00000,   6.91146
  6.00000,   6.00000,   6.91108
  5.00000,   7.00000,   6.91029
  6.00000,   6.00000,   6.90992
  9.00000,   3.00000,   6.91078
  6.00000,   6.00000,   6.91040
  9.00000,   3.00000,   6.91127
  4.00000,   8.00000,   6.91007
  6.00000,   6.00000,   6.90969
  8.00000,   4.00000,   6.91014
  4.00000,   8.00000,   6.90894
  6.00000,   6.00000,   6.90857
  7.00000,   5.00000,   6.90860
  7.00000,   5.00000,   6.90864
  6.00000,   6.00000,   6.90827
  6.00000,   6.00000,   6.90789
  7.00000,   5.00000,   6.90793
  8.00000,   4.00000,   6.90838
  9.00000,   3.00000,   6.90924
  9.00000,   3.00000,   6.91010
  8.00000,   4.00000,   6.91055
  9.00000,   3.00000,   6.91140
  8.00000,   4.00000,   6.91185
  6.00000,   6.00000,   6.91148
  8.00000,   4.00000,   6.91192
  9.00000,   3.00000,   6.91278
  6.00000,   6.00000,   6.91240
  7.00000,   5.00000,   6.91244
  8.00000,   4.00000,   6.91288
  10.00000,   2.00000,   6.91415
  6.00000,   6.00000,   6.91377
  10.00000,   2.00000,   6.91503
  8.00000,   4.00000,   6.91548
  6.00000,   6.00000,   6.91510
  6.00000,   6.00000,   6.91473
  6.00000,   6.00000,   6.91436
  12.00000,   0.00000,   6.91643
  9.00000,   3.00000,   6.91728
  4.00000,   8.00000,   6.91609
  6.00000,   6.00000,   6.91572
  7.00000,   5.00000,   6.91575
  9.00000,   3.00000,   6.91660
  7.00000,   5.00000,   6.91663
  7.00000,   5.00000,   6.91667
  9.00000,   3.00000,   6.91751
  8.00000,   4.00000,   6.91795
  9.00000,   3.00000,   6.91880
  4.00000,   8.00000,   6.91761
  10.00000,   2.00000,   6.91886
  3.00000,   9.00000,   6.91727
  10.00000,   2.00000,   6.91852
  7.00000,   5.00000,   6.91856
  5.00000,   7.00000,   6.91778
  6.00000,   6.00000,   6.91741
  4.00000,   8.00000,   6.91623
  6.00000,   6.00000,   6.91586
  10.00000,   2.00000,   6.91710
  10.00000,   2.00000,   6.91835
  6.00000,   6.00000,   6.91798
  7.00000,   5.00000,   6.91801
  10.00000,   2.00000,   6.91926
  5.00000,   7.00000,   6.91848
  8.00000,   4.00000,   6.91892
  8.00000,   4.00000,   6.91935
  10.00000,   2.00000,   6.92060
  5.00000,   7.00000,   6.91982
  6.00000,   6.00000,   6.91945
  8.00000,   4.00000,   6.91989
  8.00000,   4.00000,   6.92032
  6.00000,   6.00000,   6.91995
  4.00000,   8.00000,   6.91878
  5.00000,   7.00000,   6.91801
  8.00000,   4.00000,   6.91844
  5.00000,   7.00000,   6.91767
  7.00000,   5.00000,   6.91770
  10.00000,   2.00000,   6.91894
  7.00000,   5.00000,   6.91897
  7.00000,   5.00000,   6.91901
  6.00000,   6.00000,   6.91864
  9.00000,   3.00000,   6.91947
  5.00000,   7.00000,   6.91870
  8.00000,   4.00000,   6.91914
  6.00000,   6.00000,   6.91877
  8.00000,   4.00000,   6.91920
